sheet,date,recorder,collector,transect,treeSpecies,branchNum,catCount,catNumMin,catNumMax,lfCount,notes,,data entry notes
1,601,SB,KD;PD,101,MALXX,1,2,J2001,J2002,70,,,
1,601,SB,KD;PD,101,BERTH,1,0,-,-,400,,,
1,601,SB,KD;PD,101,MALXX,1,1,J2003,J2003,30,,,
1,601,SB,KD;PD,101,AMELA,1,1,J2004,J2004,120,,,
1,601,SB,KD;PD,101,AMELA,2,0,-,-,70,,,
1,601,SB,KD;PD,102,MALXX,1,0,-,-,50,,,
1,601,SB,KD;PD,102,VIBAC,1,0,-,-,20,,,
1,601,SB,KD;PD,102,VIBAC,1,2,J2005,J2006,30,,,
1,601,SB,KD;PD,103,CRAXX,1,0,-,-,20,,,
1,601,SB,KD;PD,103,VIBAC,1,0,-,-,20,,,
1,601,SB,KD;PD,103,MALXX,1,2,J2007,J2008,30,,,
1,601,SB,KD;PD,103,FRAXX,1,0,-,-,2,,,
1,601,SB,KD;PD,103,VIBAC,1,1,-,-,20,,,
1,601,SB,KD;PD,103,MALXX,1,0,-,-,30,,,
1,601,SB,KD;PD,103,CRAXX,1,0,-,-,15,,,
1,601,SB,KD;PD,103,MALXX,1,0,J2009,J2009,250,,,
1,601,SB,KD;PD,103,PRUSE,1,0,-,-,20,,,
1,601,SB,KD;PD,103,MALXX,1,0,-,-,30,,,
1,601,SB,KD;PD,103,VIBAC,1,0,-,-,15,,,
1,601,SB,KD;PD,103,VIBAC,1,1,J2010,J2011,30,MICRO,,
1,601,SB,KD;PD,103,CRAXX,1,1,-,-,40,,,
1,601,SB,KD;PD,103,MALXX,1,2,J2012,J2013,400,,,
1,601,SB,KD;PD,103,MALXX,2,2,J2014,J2015,100,,,
1,601,SB,KD;PD,104,VIBDI,1,0,-,-,100,,,
1,601,SB,KD;PD,104,VIBDI,2,0,-,-,140,,,
1,601,SB,KD;PD,104,VIBDI,3,0,-,-,370,,,
1,601,SB,KD;PD,104,VIBDI,1,0,-,-,140,,,
1,601,SB,KD;PD,104,VIBDI,1,0,-,-,260,,,
1,601,SB,KD;PD,104,VIBDI,2,1,J2016,J2016,240,,,
1,601,SB,KD;PD,104,VIBDI,1,0,-,-,80,,,
1,601,SB,KD;PD,104,VIBDI,1,0,-,-,10,,,
1,601,SB,KD;PD,104,VIBDI,1,0,-,-,400,,,
1,601,SB,KD;PD,104,VIBDI,1,1,J2017,J2017,220,,,
2,601,RP,DR,101,MALXX,1,1,J2063,J2064,250,,,
2,601,RP,DR,101,MALXX,2,1,J2065,J2065,200,,,
2,601,RP,DR,101,BERTH,1,0,-,-,150,,,
2,601,RP,DR,101,MALXX,1,0,-,-,100,,,
2,601,RP,DR,101,MALXX,2,1,J2066,J2066,200,,,
2,601,RP,DR,101,EUOAL,1,0,-,-,20,,,
2,601,RP,DR,101,BERTH,1,0,-,-,150,,,
2,601,RP,DR,101,BERTH,2,0,-,-,100,,,
2,601,DR,RP,102,MALXX,1,0,-,-,250,,,
2,601,DR,RP,102,MALXX,2,3,J2067,J2069,50,,,
2,601,RP,DR,103,FRAXX,1,1,J2070,J2070,3,"NOT ASH, NOT sampled",,
2,601,RP,DR,103,VIBAC,1,0,-,-,20,,,
2,601,RP,DR,103,VIBAC,1,0,,,25,,,
2,601,RP,DR,103,VIBAC,1,0,,,30,,,
2,601,RP,DR,103,VIBAC,1,0,,,15,,,
2,601,RP,DR,103,MALXX,1,1,J2071,J2071,25,,,
2,601,RP,DR,103,VIBAC,1,1,J2072,J2072,15,,,
2,601,RP,DR,103,MALXX,1,0,-,-,450,,,
2,601,RP,DR,103,MALXX,1,0,-,-,150,,,
2,601,RP,DR,103,MALXX,1,3,J2073,J2075,200,,,
2,601,RP,DR,103,VIBAC,1,0,-,-,30,,,
2,601,RP,DR,103,VIBAC,1,0,-,-,30,,,
2,601,RP,DR,103,VIBAC,1,0,-,-,25,,,
2,601,RP,DR,103,CRAXX,1,1,J2076,J2076,20,,,
2,601,PD,RP;AO,104,BERTH,1,0,-,-,250,,,
2,601,PD,RP;AO,104,BERTH,1,0,-,-,350,,,
2,601,PD,RP;AO,104,VIBDI,1,0,-,-,200,,,
2,601,PD,RP;AO,104,BERTH,1,0,-,-,400,,,
2,601,PD,RP;AO,104,BERTH,1,0,-,-,150,,,
2,601,PD,RP;AO,104,VIBDI,1,0,-,-,50,,,
2,601,PD,RP;AO,104,BERTH,1,1,J2077,J2077,300,,,
2,601,PD,RP;AO,104,VIBDI,1,0,-,-,100,,,
2,601,PD,RP;AO,104,VIBDI,1,0,-,-,75,,,
3,601,SB,PD;DR,104,VIBDI,1,0,-,-,100,,,
3,601,SB,PD;DR,104,BERTH,1,0,-,-,260,,,
3,602,PD,AO,105,CRAXX,1,1,J2032,J2032,50,,,
3,602,PD,AO,105,FRAXX,1,0,-,-,6,,,
3,602,PD,AO,105,BERTH,1,0,-,-,400,,,
3,602,PD,AO,105,MALXX,1,1,J2033,J2033,75,,,
3,602,PD,AO,105,PRUSE,1,0,-,-,10,,,
3,602,PD,AO,105,PRUSE,2,1,J2034,J2034,40,,,
3,602,PD,AO,105,FRAXX,1,0,-,-,12,,,
3,602,PD,AO,105,MALXX,1,0,-,-,25,,,
3,602,PD,AO,105,MALXX,1,3,J2035,J2037,150,,,
3,602,PD,AO,105,EUOAL,1,0,-,-,50,,,
3,602,PD,AO,105,EUOAL,2,0,-,-,150,,,
3,602,PD,AO,105,ROSMU,1,0,-,-,30,,,
3,602,PD,AO,105,ROSMU,2,0,-,-,25,,,
3,602,PD,AO,105,ROSMU,3,1,J2038,J2038,50,-possibly from ostvi above,,
3,602,PD,AO,105,ROSMU,4,0,-,-,30,,,
3,602,PD,AO,105,ROSMU,1,1,J2039,J2039,30,,,
3,602,PD,AO,105,MALXX,1,1,J2040,J2040,50,,,
3,602,PD,AO,105,ROSMU,1,1,J2041,J2041,20,,,
3,602,PD,AO,105,MALXX,1,0,-,-,35,,,
3,602,PD,AO,105,FRAXX,1,0,-,-,13,,,
3,602,PD,AO,105,MALXX,1,0,-,-,200,,,
3,602,PD,AO,105,MALXX,1,0,-,-,100,,,
3,602,PD,AO,105,ROSMU,1,1,J2042,J2043,75,,,
3,602,PD,AO,105,ROSMU,1,0,-,-,50,,,
3,602,PD,AO,105,ROSMU,1,0,-,-,30,,,
3,602,PD,AO,105,ROSMU,1,0,-,-,70,,,
4,601,PD,AO;RP,T104,BERTH,1,0,-,-,200,,,
4,601,PD,AO;RP,T104,BERTH,1,0,-,-,150,,,
4,601,PD,AO;RP,T104,BERTH,1,0,-,-,110,,,
4,601,PD,AO;RP,T104,VIBDI,1,0,-,-,45,,,
4,601,PD,AO;RP,T104,VIBDI,1,0,-,-,75,,,
4,601,PD,AO;RP,T104,EUOAL,1,0,-,-,25,,,
4,601,PD,AO;RP,T104,BERTH,1,0,-,-,250,,,
4,601,PD,AO;RP,T104,BERTH,1,0,-,-,300,,,
4,601,PD,AO;RP,T104,VIBDI,1,0,-,-,35,,,
4,601,PD,AO;RP,T104,VIBDI,1,0,-,-,75,,,
4,602,GA,GM,T105,VIBAC,1,0,-,-,20,,,
4,602,GA,GM,T105,VIBAC,1,0,-,-,20,,,
4,602,GA,GM,T105,VIBAC,1,0,-,-,30,,,
4,602,GA,GM,T105,FRAXX,1,0,-,-,40,,,
4,602,GA,GM,T105,VIBAC,1,0,-,-,30,,,
4,602,GA,GM,T105,FRAXX,1,1,J2094,J2095,3,,,
4,602,GA,GM,T105,LIGVU,1,0,-,-,100,,,
4,602,GA,GM,T105,FRAXX,1,0,-,-,3,,,
4,602,GA,GM,T105,MALXX,1,0,-,-,18,,,
4,602,GA,GM,T105,BERTH,1,0,-,-,150,,,
4,602,GA,GM,T105,ROSMU,1,0,-,-,200,,,
4,602,GA,GM,T105,MALXX,1,1,J2095,J2096,450,,,
4,602,GA,GM,T105,BERTH,1,0,-,-,140,,,
4,602,GA,GM;KD,T105,MALXX,1,2,J2096,J2097,250,,,
4,602,GA,GM;KD,T105,BERTH,1,0,-,-,100,,,
4,602,GA,GM;KD,T105,VIBLE,2,2,J2098,J2099,300,Photograph J2099,,
4,602,GA,GM;KD,T105,PRUSE,1,0,-,-,200,,,
4,602,GA,GM;KD,T105,FRAAM,1,1,J2100,J2100,9,,,
4,602,GA,GM;KD,T105,PRUSE,1,1,J2101,J2101,50,,,
4,602,GA,GM;KD,T105,CRAXX,1,0,-,-,30,,,
4,602,GA,GM;KD,T105,ROSMU,1,1,J2102,J2102,300,S (Photograph),,
4,602,GA,GM;KD,T105,MALXX,2,0,-,-,800,,,
4,602,GA,GM;KD,T105,ROSMU,1,1,J2103,J2103,150,,,
5,602,HW,RP,105,BERTH,1,1,J2125,J2125,400,,,
5,602,HW,RP,105,MALXX,1,2,J2126,J2127,170,,,
5,602,HW,RP,105,MALXX,2,2,J2128,J2129,60,,,
5,602,HW,RP,105,ROSMU,1,0,-,-,120,,,
5,602,HW,RP,105,MALXX,1,3,J2130,J2132,300,,,
5,602,HW,RP,105,MALXX,1,2,J2133,J2134,200,,,
5,602,HW,RP,105,ROSMU,1,3,J2135,J2137,400,,,
5,602,HW,RP,105,RUBXX,1,1,J2138,J2138,60,,,
5,602,HW,RP,105,RUBXX,1,0,-,-,80,,,
5,602,HW,RP,105,RUBXX,1,0,-,-,80,,,
5,602,HW,RP,105,LIGVU,1,1,J2139,J2139,350,,,
5,602,HW,RP,105,LIGVU,1,0,-,-,350,,,
5,602,HW,RP,105,LIGVU,1,0,-,-,150,,,
5,602,HW,RP,105,LONMO,1,0,-,-,40,,,
5,602,HW,RP,105,MALXX,1,1,J2140,J2140,60,,,
5,603,GA,KD;RG,108,BERTH,1,1,J2187,J2187,1000,,,
5,603,GA,KD;RG,108,BERTH,1,0,-,-,1000,,,
5,603,GA,KD;RG,108,BERTH,1,0,-,-,700,,,
5,603,GA,KD;RG,108,BERTH,1,0,-,-,1011,,,
5,603,GA,KD;RG,108,BERTH,1,0,-,-,1005,,,
5,603,GA,KD;RG,108,BERTH,1,0,-,-,900,,,
5,603,GA,KD;RG,108,BERTH,1,0,-,-,1050,,,
5,604,ML,PD;HW,109,BERTH,1,0,-,-,200,,,
5,604,ML,PD;HW,109,BERTH,1,1,J2249,J2249,600,,,
5,604,ML,PD;HW,109,BERTH,1,0,-,-,150,,,
5,604,ML,PD;HW,109,VIBLE,1,0,-,-,35,,,
5,604,ML,PD;HW,109,VIBLE,2,0,-,-,20,,,
5,604,ML,PD;HW,109,BERTH,1,0,-,-,350,,,
5,604,ML,PD;HW,109,FRAAM,1,0,-,-,50,,,
5,604,ML,PD;HW,109,FRAAM,2,0,-,-,30,,,
5,604,ML,PD;HW,109,BERTH,1,0,-,-,800,,,
5,604,ML,PD;HW,109,BERTH,1,0,-,-,350,,,
5,604,ML,PD;HW,109,MALXX,1,0,-,-,50,,,
6,602,GA,GM;KD,T105,ROSMU,1,0,-,-,500,,,
6,602,GA,GM;KD,T105,EUOAL,1,0,-,-,400,,,
6,602,GA,GM;KD,T105,LIGVU,1,1,J2103,J2103,500,,,
6,602,GA,GM;KD,T105,AMELA,1,0,-,-,60,,,
6,603,RP,PD,T108,BERTH,1,0,-,-,300,,,
6,603,RP,PD,T108,BERTH,2,2,J2218,J2219,300,,,
6,603,RP,PD,T108,BERTH,3,0,-,-,300,,,
6,603,RP,PD,T108,BERTH,4,0,-,-,200,,,
6,603,RP,PD,T108,BERTH,1,0,-,-,250,,,
6,603,RP,PD,T108,BERTH,2,0,-,-,300,,,
6,603,RP,PD,T108,BERTH,1,0,-,-,300,,,
6,603,RP,PD,T108,BERTH,2,0,-,-,400,,,
6,603,RP,PD,T108,BERTH,1,1,J2220,J2220,500,,,
6,604,HW,RG,T111,BERTH,1,0,-,-,300,,,
6,604,HW,RG,T111,VIBDI,1,0,-,-,30,,,
6,604,HW,RG,T111,BERTH,1,3,J2280,J2282,1200,,,
6,604,HW,RG,T111,BERTH,1,0,-,-,100,,,
6,604,HW,RG,T111,BERTH,1,0,-,-,600,,,
6,604,HW,RG,T111,LIGVU,1,0,-,-,70,,,
6,604,HW,RG,T111,VIBDI,1,0,-,-,130,,,
6,604,HW,RG,T111,VIBDI,1,0,-,-,40,,,
6,604,HW,RG,T111,VIBDI,2,0,-,-,230,,,
6,604,HW,RG,T111,VIBDI,3,0,-,-,200,,,
6,604,HW,RG,T111,VIBDI,1,0,-,-,200,,,
6,604,HW,RG,T111,BERTH,1,1,J2283,J2283,600,,,
6,607,HW,PD,T112,BERTH,1,0,-,-,50,,,
6,607,HW,PD,T112,VIBAC,1,0,-,-,500,,,
6,607,HW,PD,T112,BERTH,1,0,-,-,40,,,
6,607,HW,PD,T112,ROSMU,1,0,-,-,310,,,
6,607,HW,PD,T112,ROSMU,1,1,J2342,J2343,100,,,
6,607,HW,PD,T112,ROSMU,2,0,-,-,70,,,
6,607,HW,PD,T112,ROSMU,3,1,J2343,J2343,45,,,
6,607,HW,PD,T112,ROSMU,1,0,-,-,40,,,
7,603,ML,ML,106,RUBAL,1,0,-,-,20,,,
7,603,ML,ML,106,BERTH,1,0,-,-,300,,,
7,603,ML,ML,106,RUBAL,1,0,-,-,30,,,
7,603,ML,ML,106,RUBAL,1,3,J2156,J2158,30,,,
7,603,PD,ML,106,VIBPI,1,0,-,-,80,,,
7,603,PD,ML,106,VIBPI,1,0,-,-,110,,,
7,603,PD,ML,106,RUBAL,1,3,J2159,J2161,9,,,
7,603,PD,ML,106,BERTH,1,0,-,-,200,,,
7,603,PD,ML,106,BERTH,1,0,-,-,400,,,
7,603,PD,ML,106,VIBPI,1,0,-,-,100,,,
7,603,PD,ML,106,VIBPI,2,0,-,-,50,,,
7,603,PD,ML,106,BERTH,1,0,-,-,500,,,
7,603,PD,ML,106,VIBPI,1,0,-,-,300,,,
7,603,PD,ML,106,VIBDI,1,1,J2162,J2162,100,,,
7,603,PD,ML,106,VIBPI,1,0,-,-,300,,,
7,603,PD,ML,106,ROSMU,1,0,-,-,50,,,
7,603,PD,ML,106,PRUSE,1,5,J2163,J2167,100,,,
7,603,PD,ML,106,PRUSE,2,2,J2168,J2169,130,,,
7,603,PD,ML,106,PRUSE,1,6,J2170,J2175,140,,,
7,603,PD,ML,106,BERTH,1,0,-,-,250,,,
7,603,PD,ML,107,VIBAC,1,0,-,-,45,,,
7,603,PD,ML,107,VIBAC,1,0,-,-,20,,,
7,603,PD,ML,107,VIBAC,1,0,-,-,30,,,
7,603,PD,ML,107,VIBAC,1,0,-,-,20,,,
7,603,PD,ML,107,AMECA,1,1,J2176,J2176,10,,,
7,603,PD,ML,107,AMECA,1,1,J2177,J2177,18,,,
7,603,PD,ML,107,VIBAC,1,0,-,-,20,,,
7,603,PD,ML,107,VIBAC,1,0,-,-,10,,,
7,603,PD,ML,107,AMECA,1,1,J2178,J2178,35,,,
7,603,PD,ML,107,AMEAR,1,1,J2179,J2179,300,,,
7,603,PD,ML,107,AMECA,1,0,-,-,60,,,
8,604,ML,PD;HW,109,MALXX,2,0,-,-,50,CONT. FROM PAGE 5,,
8,604,ML,PD;HW,109,VIBLE,1,3,J2250,J2252,100,,,
8,604,ML,PD;HW,109,BERTH,1,0,-,-,150,,,
8,604,ML,PD;HW,109,BERTH,1,1,J2253,J2253,800,,,
8,604,ML,PD;HW,109,BERTH,1,0,-,-,750,,,
8,604,ML,PD;HW,109,BERTH,1,0,-,-,100,,,
8,604,ML,PD;HW,109,ROSMU,1,1,J2254,J2254,130,,,
8,604,ML,PD;HW,109,BERTH,1,0,-,-,250,,,
8,604,ML,PD;HW,109,LONMO,1,0,-,-,150,,,
8,604,ML,PD;HW,109,LONMO,2,1,J2255,J2255,75,BHGB,,
8,604,ML,PD;HW,109,ROSMU,2,1,J2256,J2256,70,,,
8,604,ML,PD;HW,109,LONMO,3,0,-,-,100,,,
8,604,ML,PD;HW,109,BETH,1,0,-,-,400,,,
8,604,ML,PD;HW,109,BERTH,1,1,J2257,J2258,320,,,
8,604,ML,PD;HW,110,VIBAC,1,0,-,-,60,,,
8,604,ML,PD;HW,110,EUOAL,1,2,J2259,J2260,200,,,
8,604,ML,PD;HW,110,VIBDI,1,0,-,-,150,,,
8,604,ML,PD;HW,110,VIBDI,2,0,-,-,70,,,
8,604,ML,PD;HW,110,VIBDI,3,0,-,-,200,,,
8,604,ML,PD;HW,110,EUOAL,2,0,-,-,180,,,
8,604,ML,PD;HW,110,ROSMU,1,0,-,-,70,,,
8,604,ML,PD;HW,110,RUBXX,1,0,-,-,26,,,
8,604,ML,PD;HW,110,RUBXX,1,0,-,-,20,,,
8,604,ML,PD;HW,110,VIBAC,1,0,-,-,20,,,
8,604,ML,PD;HW,110,RUBXX,1,0,-,-,15,,,
8,604,ML,PD;HW,110,VIBAC,1,0,-,-,80,,,
8,604,ML,PD;HW,110,VIBAC,1,1,J2261,J2261,50,,,
8,604,ML,PD;HW,110,VIBAC,1,2,J2262,J2263,80,,,
8,604,ML,PD;HW,110,ROSMU,1,0,-,-,100,,,
8,604,ML,PD;HW,110,FRAAM,1,2,J2264,J2265,20,,,
8,604,ML,PD;HW,110,FRAAM,1,0,-,-,9,,,
8,604,ML,PD;HW,110,FRAAM,1,4,J2266,J2269,20,,,
8,604,ML,PD;HW,110,FRAAM,2,2,J2270,J2271,30,,,
9,604,ML,PDHW,110,VIBAC,1,0,-,-,64,,,
9,604,ML,PDHW,110,FRAAM,1,1,J2272,J2272,14,,,
9,604,ML,PDHW,110,FRAAM,2,2,J2273,J2274,13,,,
9,604,ML,PDHW,110,FRAAM,3,0,-,-,28,,,
9,604,ML,PDHW,110,PRUSE,1,0,-,-,23,,,
9,604,ML,PDHW,110,PRUSE,1,0,-,-,90,,,
9,604,GA,RP;PD,111,LIGVU,1,0,-,-,100,,,
9,604,GA,RP;PD,111,LIGVU,1,0,-,-,250,,,
9,604,GA,RP;PD,111,ROSMU,1,0,-,-,200,,,
9,604,GA,RP;PD,111,LIGVU,1,0,-,-,260,,,
9,604,GA,RP;PD,111,BERTH,1,0,-,-,400,,,
9,604,GA,RP;PD,111,VIBDI,1,0,-,-,50,,,
9,604,GA,RP;PD,111,BERTH,1,0,-,-,400,,,
9,604,GA,RP;PD,111,VIBDI,1,0,-,-,15,,,
9,604,GA,RP;PD,111,BERTH,1,0,-,-,200,,,
9,604,GA,RP;PD,111,BERTH,1,0,-,-,1000,,,
9,604,GA,RP;PD,111,VIBDI,1,0,-,-,600,,,
9,604,GA,RP;PD,111,VIBDI,1,0,-,-,500,,,
9,604,GA,RP;PD,111,BERTH,1,0,-,-,1050,,,
9,604,GA,RP;PD,111,BERTH,1,1,J2275,J2275,2000,,,
9,604,GA,RP;PD,111,VIBDI,1,1,J2276,J2276,120,,,
9,604,GA,RP;PD,111,BERTH,1,0,-,-,1200,,,
9,604,GA,RP;PD,111,VIBDI,2,0,-,-,350,A LOT OF ANTS,,
9,604,GA,RP;PD,111,BERTH,1,0,-,-,300,,,
9,604,GA,RP;PD,111,VIBDI,1,0,-,-,200,,,
9,604,GA,RP;PD,111,VIBDI,1,0,-,-,250,,,
9,607,AH,PDKD,112,VIBAC,1,2,J2311,J2312,30,,,
9,607,AH,PDKD,112,ROSMU,1,0,-,-,15,,,
9,607,AH,PDKD,112,BERTH,1,0,-,-,100,,,
9,607,AH,PDKD,112,BERTH,1,0,-,-,200,,,
9,607,AH,PDKD,112,BERTH,1,0,-,-,100,,,
9,607,AH,PDKD,112,ROSMU,1,0,-,-,15,,,
9,607,AH,PDKD,112,ROSMU,1,0,-,-,6,,,
10,607,KD,PD,T114,VIBDI,1,0,-,-,130,,,
10,607,KD,PD,T114,VIBDI,1,0,-,-,250,,,
10,607,KD,PD,T114,VIBDI,1,0,-,-,180,,,
10,607,KD,PD,T114,VIBDI,1,0,-,-,350,,,
10,607,KD,PD,T114,VIBDI,2,0,-,-,100,,,
10,607,KD,PD,T114,VIBDI,1,0,-,-,120,,,
10,607,KD,PD,T114,ROSMU,1,0,-,-,130,,,
10,607,KD,PD,T114,EUOAL,1,0,-,-,300,,,
10,607,KD,PD,T114,LONMO,1,0,-,-,200,,,
10,607,KD,PD,T114,LIGVU,1,0,-,-,230,,,
10,607,KD,PD,T114,MALXX,1,0,-,-,150,,,
10,608,SB,AHKD,T115,FRAXX,1,1,J2373,J2373,4,,,
10,608,SB,AHKD,T115,FRAXX,1,0,-,-,2,,,
10,608,SB,AHKD,T115,BERTH,1,0,-,-,170,,,
10,608,SB,AHKD,T115,FRAXX,1,0,-,-,4,,,
10,608,SB,AHKD,T115,BERTH,1,0,-,-,360,,,
10,608,SB,AHKD,T115,VIBAC,1,0,-,-,15,,,
10,608,SB,AHKD,T115,VIBAC,1,0,-,-,20,,,
10,608,SB,AHKD,T115,CRAXX,1,0,-,-,20,,,
10,608,SB,AHKD,T115,PRUSE,1,1,J2374,J2374,20,,,
10,608,SB,AHKD,T115,PRUSE,1,0,-,-,10,,,
10,608,AH,KD SB,T115,AMEXX,1,0,-,-,20,,,
10,608,AH,KD SB,T115,BERTH,1,0,-,-,340,,,
10,608,AH,KD SB,T115,BERTH,2,0,-,-,510,,,
10,608,AH,KD SB,T115,PRUSE,1,0,-,-,10,,,
10,608,AH,KD SB,T115,BERTH,1,1,J2374,J2374,600,,,
10,608,AH,KD SB,T115,FRAXX,1,0,-,-,3,,,
10,608,AH,KD SB,T115,BERTH,1,0,-,-,400,,,
10,608,AH,KD SB,T115,VIBAC,1,0,-,-,20,,,
10,608,AH,KD SB,T115,FRAXX,1,0,-,-,4,,,
10,608,AH,KD SB,T115,FRAXX,1,0,-,-,2,,,
10,608,AH,KD SB,T115,BERTH,1,0,-,-,400,,,
10,608,AH,KD SB,T115,FRAXX,1,0,-,-,4,,,
11,607,KD,AH DR,112,FRAXX,1,0,-,-,2,,,
11,607,KD,AH DR,112,EUOAL,1,0,-,-,42,,,
11,607,KD,AH DR,112,VIBAC,1,0,-,-,20,,,
11,607,KD,AH DR,112,EUOAL,1,0,-,-,15,,,
11,607,KD,AH DR,112,FRAXX,1,0,-,-,2,,,
11,607,DR,AH KD,113,VIBDI,1,2,J2317,J2318,40,,,
11,607,DR,AH KD,113,VIBDI,2,0,-,-,40,,,
11,607,DR,AH KD,113,VIBDI,3,1,J2319,J2319,60,,,
11,607,DR,AH KD,113,FRAAM,1,2,J2320,J2321,20,,,
11,607,DR,AH KD,113,VIBAC,1,0,-,-,20,,,
11,607,DR,AH KD,113,VIBAC,2,0,-,-,20,,,
11,607,DR,AH KD,113,RUBAL,1,0,-,-,10,,,
11,607,DR,AH KD,113,RUBAL,1,1,J2322,J2322,6,,,
11,607,DR,AH KD,113,RUBAL,1,0,-,-,20,,,
11,607,DR,AH KD,113,RUBAL,1,0,-,-,20,,,
11,607,DR,AH HW,114,ROSMU,1,0,-,-,30,,,
11,607,DR,AH HW,114,ROSMU,1,2,J2323,J2324,10,,,
11,607,DR,AH HW,114,ROSMU,2,1,J2325,J2325,30,,,
11,607,DR,AH HW,114,MALXX,1,0,-,-,15,,,
11,607,DR,AH HW,114,VIBDI,1,0,-,-,60,,,
11,607,DR,AH HW,114,LIGVU,1,0,-,-,150,,,
11,607,DR,AH HW,114,EUOAL,1,0,-,-,40,,,
11,607,DR,AH HW,114,ROSMU,1,1,J2326,J2326,60,SUN FRAAM,,
11,607,DR,AH HW,114,LIGVU,1,0,-,-,60,,,
11,607,DR,AH HW,114,LIGVU,1,0,-,-,300,,,
11,607,DR,AH HW,114,LIGVU,1,0,-,-,200,,,
11,607,AH,DR HW,114,LIGVU,1,0,-,-,300,,,
11,607,AH,DR HW,114,EUOAL,1,0,-,-,75,,,
11,607,AH,DR HW,114,VIBAC,1,0,-,-,15,,,
11,607,AH,DR HW,114,ROSMU,1,0,-,-,50,,,
11,607,AH,DR HW,114,VIBDI,1,0,-,-,250,,,
11,607,AH,DR HW,114,MALXX,1,0,-,-,100,,,
11,607,AH,DR HW,114,VIBDI,1,1,J2327,J2327,300,,,
12,607,HW,PD,T112,ROSMU,1,0,-,-,20,,,
12,607,HW,PD,T112,CRAXX,1,0,-,-,60,,,
12,607,HW,PD,T112,ROSMU,1,0,-,-,50,,,
12,607,HW,PD,T112,ROSMU,1,0,-,-,85,,,
12,607,HW,PD,T112,VIBLE,1,0,-,-,60,,,
12,607,HW,PD,T112,ROSMU,1,1,J2344,J2344,50,MANY ANTS,,
12,607,HW,PD,T112,VIBAC,1,0,-,-,50,,,
12,607,HW,PD,T112,ROSMU,1,0,-,-,80,,,
12,607,HW,PD,T112,ROSMU,2,0,-,-,110,,,
12,607,HW,PD,T112,VIBDE,1,0,-,-,50,,,
12,607,HW,PD,T112,VIBAC,1,1,J2345,J2345,50,,,
12,607,HW,PD,T112,VIBAC,1,0,-,-,30,,,
12,607,HW,PD,T112,VIBAC,1,0,-,-,30,,,
12,607,HW,PD,T112,BERTH,1,0,-,-,400,,,
12,607,HW,PD,T112,BERTH,1,0,-,-,1200,,,
12,607,HW,PD,T112,BERTH,1,1,J2346,J2346,2000,,,
12,607,HW,PD,T112,VIBAC,1,2,J2347,J2348,50,,,
12,607,HW,PD,T112,VIBAC,1,2,J2349,J2350,60,,,
12,607,HW,PD,T112,VIBAC,1,2,J2351,J2352,40,,,
12,607,PD,HW,113,VIBPL,1,0,-,-,150,,,
12,607,PD,HW,113,CELOR,1,1,J2353,J2353,6,COULD ALSO BE FROM VIBPL,,
12,607,PD,HW,113,VIBPL,2,0,-,-,200,ANTS(LOT),,
12,607,PD,HW,113,VIBPL,3,2,J2354,J2355,100,,,
12,607,PD,HW,113,VIBPL,4,2,J2356,J2357,175,,,
12,607,PD,HW,113,VIBPL,1,0,-,-,60,,,
12,607,PD,HW,113,VIBPL,2,0,-,-,175,,,
12,607,KD,PD,T114,VIBDI,1,0,-,-,200,,,
12,607,KD,PD,T114,VIBDI,1,0,-,-,250,,,
12,607,KD,PD,T114,VIBDI,1,0,-,-,250,,,
12,607,KD,PD,T114,VIBDI,1,1,J2358,J2358,200,,,
12,607,KD,PD,T114,VIBDI,1,0,-,-,170,,,
12,607,KD,PD,T114,VIBDI,1,0,-,-,180,,,
12,607,KD,PD,T114,VIBDI,1,2,J2359,J2360,130,,,
13,607,AH,PD KD,112,FRAXX,1,0,-,-,2,,,
13,607,AH,PD KD,112,FRAXX,1,0,-,-,4,,,
13,607,AH,PD KD,112,VIBAC,1,0,-,-,15,,,
13,607,AH,PD KD,112,AMEXX,1,0,-,-,61,,,
13,607,AH,PD KD,112,AMEXX,1,0,-,-,40,,,
13,607,AH,PD KD,112,AMEXX,2,0,-,-,70,,,
13,607,AH,PD KD,112,LONMO ,1,0,-,-,35,,,
13,607,AH,PD KD,112,LONMO,1,0,-,-,60,,,
13,607,AH,PD KD,112,LONMO,2,0,-,-,60,,,
13,607,AH,PD KD,112,LONMO,3,0,-,-,70,,,
13,607,AH,PD KD,112,MALXX,1,0,-,-,100,,,
13,607,AH,PD KD,112,VIBDE,1,0,-,-,50,,,
13,607,AH,PD KD,112,VIBDE,2,0,-,-,50,A LOT O ANTS TENDING TO APHIDS,,
13,607,AH,PD KD,112,MALXX,1,0,-,-,40,,,
13,607,AH,PD KD,112,VIBAC,1,0,-,-,50,,,
13,607,AH,PD KD,112,VIBAC,1,0,-,-,20,,,
13,607,AH,PD KD,112,AMEXX,1,2,J2313,J2314,25,"DOA, MAYBE P-TOID",,
13,607,AH,PD KD,112,VIBAC,1,1,J2315,J2315,20,,,
13,607,AH,PD KD,112,BERTH,1,0,-,-,200,,,
13,607,KD,PD AH,112,BERTH,1,0,-,-,200,,,
13,607,KD,PD AH,112,BERTH,1,0,-,-,200,,,
13,607,KD,PD AH,112,VIBAC,1,0,-,-,20,,,
13,607,KD,PD AH,112,VIBAC,1,0,-,-,35,,,
13,607,KD,PD AH,112,VIBAC,1,0,-,-,30,,,
13,607,KD,PD AH,112,ROSMU,1,0,-,-,20,,,
13,607,KD,PD AH,112,ROSMU,1,0,-,-,20,,,
13,607,KD,PD AH,112,BERTH,1,0,-,-,200,,,
13,607,KD,PD AH,112,VIBAC,1,0,-,-,20,,,
13,607,KD,PD AH,112,ROSMU,1,0,-,-,20,,,
13,607,KD,PD AH,112,ROSMU,2,1,J2316,J2316,20,SAWFLX,,
13,607,KD,PD AH,112,BERTH,1,0,-,-,15,,,
13,607,KD,PD AH,112,FRAXX,1,0,-,-,2,,,
13,607,KD,PD AH,112,FRAXX,1,0,-,-,2,,,
14,608,AH,KD,T115,FRAXX,1,0,-,-,6,,,
14,608,AH,KD,T115,FRAXX,1,1,J2376,J2376,4,,,
14,608,AH,KD,T115,BERTH,1,0,-,-,270,,,
14,608,AH,KD,T115,BERTH,1,0,-,-,100,,,
14,608,AH,KD,T115,BERTH,1,1,J2377,J2377,190,,,
14,608,AH,KD,T115,MALXX,1,0,-,-,60,,,
14,608,AH,KD SB,T116,VIBDE,1,0,-,-,20,,,
14,608,AH,KD SB,T116,VIBAC,1,0,-,-,30,,,
14,608,AH,KD SB,T116,AMEXX,1,0,-,-,15,,,
14,608,AH,KD SB,T116,FRAXX,1,0,-,-,6,,,
14,608,AH,KD SB,T116,FRAXX,1,0,-,-,6,,,
14,608,AH,KD SB,T116,EUOAL,1,0,-,-,20,,,
14,608,AH,KD SB,T116,EUOAL,1,0,-,-,20,,,
14,608,AH,KD SB,T116,MALXX,1,0,-,-,50,,,
14,608,AH,KD SB,T116,AMEXX,1,0,-,-,25,,,
14,608,SB,KD,T117,AMEXX,1,0,-,-,70,,,
14,608,SB,KD,T117,AMEXX,1,0,-,-,60,,,
14,608,SB,KD,T117,AMEXX,1,0,-,-,50,,,
14,608,SB,KD,T117,MALXX,1,0,-,-,200,,,
14,608,SB,KD,T117,MALXX,2,0,-,-,280,,,
15,608,SB,KD,T117,MALXX,3,0,-,-,300,,,
15,608,RP,AO,117,AMECA,1,0,-,-,30,,,
15,608,RP,AO,117,AMECA,1,0,-,-,50,,,
15,608,RP,AO,117,VIBAC,1,0,-,-,30,,,
15,608,RP,AO,117,VIBAC,1,0,-,-,10,,,
15,608,RP,AO,117,VIBAC,1,0,-,-,10,,,
15,608,RP,AO,117,FRAAM,1,0,-,-,10,,,
15,608,RP,AO,117,VIBAC,1,1,J2412,J2412,20,DEAD BY ANT,,
16,608,PD,GM,115,VIBDI,1,0,-,-,300,,,
16,608,PD,GM,115,VIBDI,1,0,-,-,150,,,
16,608,PD,GM,115,BERTH,1,0,-,-,300,,,
16,608,PD,GM,115,FRAAM,1,0,-,-,4,,,
16,608,PD,GM,115,EUOAL,1,0,-,-,50,,,
16,608,PD,GM,115,BERTH,1,0,-,-,250,,,
16,608,PD,GM,115,FRAAM,1,0,-,-,4,,,
16,608,PD,GM,115,BERTH,1,0,-,-,150,,,
16,608,PD,GM,115,BERTH,1,1,J2435,J2435,300,,,
16,608,PD,GM,115,FRAAM,1,0,-,-,43,,,
16,608,PD,GM,115,BERTH,1,0,-,-,75,,,
16,608,PD,GM,115,BERTH,1,0,-,-,250,,,
16,608,PD,GM,115,BERTH,1,0,-,-,500,,,
16,608,PD,GM,115,BERTH,1,1,J2436,J2436,200,,,
16,608,PD,GM,115,BERTH,1,0,-,-,600,,,
16,608,PD,GM,115,BERTH,1,1,J2437,J2437,450,,,
16,608,PD,GM,115,BERTH,1,0,-,-,500,,,
16,608,PD,GM,115,BERTH,1,2,J2438,J2439,1000,,,
16,608,PD,GM,115,FRAAM,1,2,J2440,J2441,10,1 DEAD,,
16,608,PD,GM,115,MALXX,1,0,-,-,100,,,
16,608,PD,GM,116,VIBAC,1,0,-,-,20,,,
16,608,PD,GM,116,RUBXX,1,0,-,-,7,,,
16,608,PD,GM,116,BERTH,1,0,-,-,500,,,
16,608,PD,GM,116,MALXX,1,2,J2442,J2443,300,,,
16,608,PD,GM,116,VIBDI,1,0,-,-,75,,,
16,608,PD,GM,116,VIBDI,2,1,J2444,J2444,125,,,
16,608,PD,GM,116,BERTH,1,0,-,-,100,,,
16,608,PD,GM,116,EUOAL,1,0,-,-,80,,,
16,608,PD,GM,117,VIBAC,1,0,-,-,8,,,
16,608,PD,GM,117,PRUSE,1,0,-,-,20,,,
16,608,PD,GM,117,AMEXX,1,0,-,-,30,,,
16,608,PD,GM,117,AMEXX,1,0,-,-,40,,,
16,608,PD,GM,117,VIBAC,1,0,-,-,35,,,
17,608,RP,AO,115,BERTH,1,0,-,-,300,,,
17,608,RP,AO,115,BERTH,1,1,J2404,J2404,250,,,
17,608,RP,AO,115,FRAAM,1,0,-,-,3,,,
17,608,RP,AO,115,BERTH,1,1,J2405,J2405,300,,,
17,608,RP,AO,115,BERTH,1,0,-,-,500,,,
17,608,RP,AO,115,FRAAM,1,1,J2406,J2406,4,PARASATOID,,
17,608,RP,AO,115,BERTH,1,0,-,-,150,,,
17,608,RP,AO,115,BERTH,1,0,-,-,200,,,
17,608,RP,AO,115,BERTH,1,1,J2407,J2407,200,,,
17,608,RP,AO,115,BERTH,1,0,-,-,200,,,
17,608,RP,AO,115,BERTH,1,0,-,-,400,,,
17,608,RP,AO,115,FRAAM,1,0,-,-,3,,,
17,608,RP,AO,115,FRAAM,1,0,-,-,3,,,
17,608,RP,AO,115,BERTH,1,1,J2408,J2408,200,,,
17,608,RP,AO,115,LIGVU,1,0,-,-,50,,,
17,608,RP,AO,115,AMECA,1,0,-,-,15,,,
17,608,RP,AO,115,FRAAM,1,1,J2409,J2409,10,,,
17,608,RP,AO,115,VIBLE,1,1,J2410,J2410,60,,,
17,608,RP,AO,116,FRAAM,1,0,-,-,5,,,
17,608,RP,AO,116,FRAAM,1,0,-,-,6,,,
17,608,RP,AO,116,FRAAM,1,1,J2411,J2411,6,,,
17,608,RP,AO,116,FRAAM,1,0,-,-,5,,,
17,608,RP,AO,116,FRAAM,1,0,-,-,2,,,
17,608,RP,AO,116,FRAAM,1,0,-,-,4,,,
17,608,RP,AO,116,VIBAC,1,0,-,-,20,,,
17,608,RP,AO,116,FRAAM,1,0,-,-,6,,,
17,608,RP,AO,116,VIBAC,1,0,-,-,10,,,
17,608,RP,AO,116,VIBAC,1,0,-,-,10,,,
17,608,RP,AO,116,VIBAC,1,0,-,-,15,,,
17,608,RP,AO,116,FRAAM,1,0,-,-,5,,,
17,608,RP,AO,116,VIBAC,1,0,-,-,20,,,
17,608,RP,AO,116,FRAAM,1,0,-,-,4,,,
17,608,RP,AO,116,FRAAM,1,0,-,-,3,,,
19,609,AO,HW,118,FRAAM,1,1,J2528,J2528,26,,,
19,609,AO,HW,118,FRAAM,1,0,-,-,8,,,
19,609,AO,HW,118,VIBAC,1,0,-,-,24,,,
19,609,AO,HW,118,FRAAM,1,0,-,-,6,,,
19,609,AO,HW,118,VIBAC,1,1,J2529,J2529,32,,,
19,609,AO,HW,118,VIBAC,1,0,-,-,80,,,
19,609,AO,HW,118,FRAAM,1,0,-,-,10,,,
19,609,AO,HW,118,FRAAM,1,1,J2530,J2530,14,,,
19,609,AO,HW,118,FRAAM,1,1,J2531,J2531,6,,,
19,609,AO,HW,118,VIBAC,1,4,J2532,J2535,100,,,
19,609,AO,HW,118,VIBAC,1,3,J2536,J2537,80,,,
19,609,AO,HW,118,VIBAC,1,0,-,-,120,,,
19,609,AO,HW,118,VIBAC,1,0,-,-,180,,,
19,609,AO,HW,118,VIBAC,1,0,-,-,210,,,
19,609,AO,HW,118,VIBAC,1,1,J2538,J2538,150,,,
19,609,AO,HW,118,VIBAC,1,1,J2539,J2539,90,,,
19,609,AO,HW,118,VIBAC,1,1,J2540,J2540,80,,,
19,609,AO,HW,118,VIBAC,1,2,J2541,J2542,30,,,
19,609,AO,HW,118,VIBAC,1,1,J2543,J2543,60,,,
19,609,AO,HW,118,LIGVU,1,0,-,-,770,,,
19,609,AO,HW,118,LIGVU,2,1,J2544,J2544,150,,,
19,609,AO,HW,118,LIGVU,3,0,-,-,130,,,
19,609,AO,HW,118,RUBXX,1,0,-,-,60,,,
19,609,AO,HW,118,LIGVU,1,0,-,-,50,,,
19,609,AO,HW,118,RUBXX,1,4,J2545,J2548,160,,,
19,609,AO,HW,118,LIGVU,1,0,-,-,205,,,
19,609,AO,HW,118,PRUSE,1,0,-,-,30,,,
19,609,AO,HW,118,PRUSE,2,0,-,-,150,,,
19,609,AO,HW,118,PRUSE,3,4,J2549,J2552,2,,,
20,609,PD,RP,118,FRAAM,1,0,-,-,4,,,
20,609,PD,RP,118,VIBAC,1,0,-,-,65,,,
20,609,RP,PD,118,VIBAC,1,0,-,-,50,,,
20,609,RP,PD,118,VIBAC,1,0,-,-,60,,,
20,609,RP,PD,118,FRAAM,1,1,J2497,J2497,5,,,
20,609,RP,PD,118,VIBAC,1,0,-,-,50,,,
20,609,RP,PD,118,VIBAC,1,1,J2498,J2498,40,FILLED W/ PARASITOIDS,,
20,609,RP,PD,118,VIBAC,1,0,-,-,20,,,
20,609,RP,PD,118,VIBAC,1,0,-,-,80,,,
20,609,RP,PD,118,VIBAC,1,0,-,-,20,,,
20,609,RP,PD,118,FRAAM,1,0,-,-,2,,,
20,609,RP,PD,118,FRAAM,1,0,-,-,4,,,
20,609,RP,PD,118,ROSMU,1,1,J2499,J2499,60,PARASITOID W/ DEAD CATERPILLAR,,
20,609,RP,PD,118,BERTH,1,0,-,-,300,,,
20,609,RP,PD,118,VIBAC,1,0,-,-,40,,,
20,609,RP,PD,118,FRAAM,1,1,J2500,J2500,20,,,
20,609,RP,PD,118,VIBAC,1,1,J2501,J2501,40,,,
20,609,RP,PD,118,BERTH,1,1,J2502,J2502,850,,,
20,609,RP,PD,118,VIBAC,1,1,J2503,J2503,40,NON DESCRIPT GREEN,,
20,609,RP,PD,118,VIBAC,1,1,J2504,J2504,20,,,
20,609,RP,PD,118,VIBAC,1,0,-,-,40,,,
20,609,RP,PD,118,VIBAC,1,0,-,-,30,,,
20,609,RP,PD,118,BERTH,1,0,-,-,250,,,
20,609,RP,PD,118,VIBAC,1,0,-,-,50,,,
20,609,RP,PD,118,VIBAC,1,0,-,-,20,,,
20,609,RP,PD,118,VIBAC,1,0,-,-,70,,,
20,609,RP,PD,118,VIBAC,1,0,-,-,40,,,
20,609,RP,PD,118,VIBAC,1,1,J2505,J2505,40,,,
20,609,RP,PD,118,VIBAC,1,0,-,-,50,,,
20,609,RP,PD,119,BERTH,1,2,J2506,J2507,2000,a LOT OF REALLY SMALL CATS *,,
20,609,RP,PD,119,RUBXX,1,2,J2508,J2509,60,,,
20,609,RP,PD,119,ROSMU,1,3,J2510,J2512,80,,,
20,609,RP,PD,119,BERTH,1,0,-,-,700,,,
21,609,RP,PD,119,ROSMU,1,0,-,-,60,,,
21,609,RP,PD,119,BERTH,1,1,J2513,J2513,600,,,
21,609,RP,PD,119,VIBPL,1,0,-,-,90,,,
21,618,RP,PD/GM,136,ROSMU,1,0,-,-,250,,,
21,618,RP,PD/GM,136,BERTH,1,0,-,-,250,,,
21,618,RP,PD/GM,136,BERTH,1,0,-,-,200,,,
21,618,RP,PD/GM,136,BERTH,1,0,-,-,1000,,,
21,618,RP,PD/GM,136,ROSMU,1,0,-,-,100,,,
21,618,RP,PD/GM,136,PRUSE,1,0,-,-,120,,,
21,618,RP,PD/GM,136,BERTH,1,0,-,-,1000,,,
21,618,RP,PD/GM,136,PRUSE,2,1,J2875,J2875,400,,,
21,618,RP,PD/GM,136,BERTH,1,0,-,-,500,,,
21,618,RP,PD/GM,136,LIGVU,1,0,-,-,100,,,
21,618,RP,PD/GM,136,PRUSE,3,1,J2876,J2876,200,,,
21,618,RP,PD/GM,136,VIBDI,1,0,-,-,80,,,
21,618,RP,PD/GM,136,ROSMU,1,0,-,-,120,,,
21,618,RP,PD/GM,136,ROSMU,1,2,J2877,J2878,60,,,
21,618,RP,PD/GM,136,BERTH,1,0,-,-,500,,,
21,618,RP,PD/GM,136,ROSMU,1,1,J2879,J2879,30,,,
22,618,ML,ML,136,ROSMU,1,1,J2880,J2880,120,,,
22,610,DR,ML,120,VIBPL,1,0,-,-,150,,,
22,610,DR,ML,120,LIGVU,1,0,-,-,350,,,
22,610,DR,ML,120,LIGVU,1,0,-,-,100,,,
22,610,DR,ML,120,VIBPL,1,0,-,-,200,,,
22,610,DR,ML,120,VIBPL,1,0,-,-,150,,,
22,610,DR,ML,120,VIBPL,1,0,-,-,80,,,
22,610,DR,ML,120,LIGVU,1,0,-,-,200,,,
22,610,DR,ML,120,VIBDI,1,1,J2559,J2559,350,,,
22,610,DR,ML,120,VIBPL,1,0,-,-,150,,,
22,610,DR,ML,120,LIGVU,1,0,-,-,350,,,
22,610,DR,ML,120,LIGVU,2,0,-,-,400,,,
22,610,DR,ML,120,ROSMU,1,0,-,-,300,,,
22,610,DR,ML,120,VIBPL,1,1,J2560,J2561,200,,,
22,610,DR,ML,120,BERTH,1,3,J2562,J2564,700,,,
22,610,DR,ML,120,LIGVU,1,0,-,-,300,,,
22,610,DR,ML,120,LIGVU,1,0,-,-,150,,,
22,610,DR,ML,120,MALXX,1,0,-,-,300,,,
22,610,DR,ML,120,BERTH,1,0,-,-,600,,,
22,610,DR,ML,120,ROSMU,1,1,J2565,J2565,100,,,
22,610,DR,ML,120,LIGVU,1,0,-,-,270,,,
22,610,DR,ML,120,FRAAM,1,0,-,-,40,,,
22,610,DR,ML,120,FRAAM,1,0,-,-,35,,,
22,610,DR,ML,120,PRUSE,1,1,J2566,J2566,80,,,
22,610,DR,ML,120,CRAXX,1,0,-,-,20,,,
22,610,DR,ML,120,PRUSE,1,0,-,-,40,,,
22,610,DR,ML,120,FRAXX,1,0,-,-,2,,,
22,610,DR,ML,120,PRUSE,1,0,-,-,40,,,
22,610,DR,DR,121,PRUSE,2,0,-,-,20,,,
22,610,DR,DR,121,AMEXX,1,1,J2567,J2567,30,,,
22,610,DR,DR,121,PRUSE,1,0,-,-,50,,,
22,610,DR,DR,121,CRAXX,1,0,-,-,50,,,
22,610,DR,DR,122,BERTH,1,0,-,-,400,,,
22,610,DR,DR,122,VIBDI,1,0,-,-,30,,,
23,610,DR,DR,122,FRAXX,1,0,-,-,2,,,
23,610,DR,DR,122,FRAXX,1,0,-,-,2,,,
23,610,DR,DR,122,FRAXX,1,0,-,-,4,,,
23,610,DR,DR,122,CRAXX,1,1,J2568,J2568,20,,,
23,610,DR,DR,122,FRAXX,1,0,-,-,2,SEVERAL MUMMIFIED FLIES,,
23,616,HW,AO,7129,VIBDI,1,0,-,-,50,,,
23,616,HW,AO,7129,VIBDI,2,0,-,-,115,,,
23,616,HW,AO,7129,VIBDI,3,0,-,-,200,LOTS OF SPIDERS & 1 ANT,,
23,616,HW,AO,7129,BERTH,1,0,-,-,210,,,
23,616,HW,AO,7129,BERTH,2,0,-,-,220,,,
23,616,HW,AO,7129,BERTH,3,0,-,-,30,,,
23,616,HW,AO,7129,BERTH,4,1,J2745,J2745,400,LOTS OF BEETLES,,
23,616,HW,AO,7129,ROSMU,1,0,-,-,40,,,
23,616,HW,AO,7129,VIBLA,1,1,J2746,J2746,85,,,
23,616,HW,AO,7129,VIBLA,2,0,-,-,50,,,
23,616,HW,AO,7129,RUBXX,1,2,J2747,J2747,10,,,
23,616,HW,AO,7129,RUBPH,1,0,-,-,40,,,
23,616,HW,AO,7129,RUBPH,2,0,-,-,70,,,
23,616,HW,AO,7129,ROSMU,1,0,-,-,17,,,
23,616,HW,AO,7129,FRAXX,1,2,J2749,J2750,30,,,
23,616,HW,AO,7129,FRAXX,2,0,-,-,17,,,
23,616,HW,AO,7129,FRAXX,3,0,-,-,30,,,
23,616,HW,AO,7129,LIGVU,1,0,-,-,300,,,
23,616,HW,AO,7129,ROSMU,1,0,-,-,20,,,
23,616,HW,AO,7129,ROSMU,2,0,-,-,75,,,
23,616,HW,AO,7129,ROSMU,1,0,-,-,60,,,
23,616,HW,AO,7129,RUBXX,1,0,-,-,30,EARWIGS,,
23,616,HW,AO,7129,RUBXX,2,0,-,-,25,,,
23,616,HW,AO,7129,RUBXX,1,0,-,-,15,,,
23,616,HW,AO,7129,LIGVU,1,0,-,-,60,,,
23,616,HW,AO,7129,LIGVU,1,0,-,-,70,,,
24,611,PD,HW/GM,124,RUBXX,1,2,J2616,J2617,40,,,
24,611,PD,ML,124,FRAAM,1,1,J2618,J2618,23,,,
24,611,PD,HW/GM,124,FRAAM,1,0,-,-,12,,,
24,611,PD,HW/GM,124,RUBXX,1,2,J2619,J2620,40,,,
24,611,ML,HWPD,125,PRUSE,1,0,-,-,150,,,
24,611,ML,HWPD,125,CRAXX,1,1,J2621,J2621,65,,,
24,611,ML,HWPD,125,ROSMU,1,0,-,-,40,,,
24,611,ML,HWPD,125,LONMO,1,0,-,-,75,,,
24,611,ML,HWPD,125,CRAXX,1,0,-,-,300,,,
24,611,ML,HWPD,125,LIGVU,1,0,-,-,80,,,
24,611,ML,HWPD,125,BERTH,1,0,-,-,200,,,
24,611,ML,HWPD,125,MALXX,1,0,-,-,80,,,
24,611,ML,HWPD,125,BERTH,1,0,-,-,350,,,
24,611,ML,HWPD,125,LIGVU,1,0,-,-,150,,,
24,611,ML,HWPD,125,ROSMU,1,0,-,-,120,,,
24,611,ML,HWPD,125,LIGVU,1,0,-,-,300,,,
24,611,ML,HWPD,125,LONMO,1,0,-,-,200,,,
24,611,ML,HWPD,125,FRAAM,1,0,-,-,21,,,
24,611,ML,HWPD,125,LONMO,1,0,-,-,60,,,
24,611,ML,HWPD,125,LIGVU,1,0,-,-,300,,,
24,611,ML,HWPD,125,ROSMU,1,0,-,-,55,,,
24,611,ML,HWPD,125,LIGVU,1,0,-,-,75,,,
24,611,ML,HWPD,125,ROSMU,1,0,-,-,50,,,
24,611,ML,HWPD,125,CRAXX,1,0,-,-,150,,,
24,611,ML,HWPD,125,CRAXX,2,0,-,-,400,,,
24,611,ML,HWPD,125,VIBLE,1,1,J2622,J2622,30,,,
24,611,ML,HWPD,125,VIBLE,1,1,J2623,J2623,320,,,
24,611,ML,HWPD,125,VIBLE,1,0,-,-,150,,,
24,611,ML,HWPD,125,CRAXX,1,0,-,-,220,,,
24,611,ML,HWPD,125,VIBLE,1,0,-,-,55,,,
24,611,ML,HWPD,125,VIBLE,1,0,-,-,60,,,
24,611,ML,HWPD,125,AMEXX,1,0,-,-,70,,,
24,611,ML,HWPD,125,FRAAM,1,0,-,-,27,,,
25,611,PD,HW; GM,123,ROSMU,1,0,-,-,700,SUN LEAVES,,
25,611,PD,ML,123,LONMO,2,0,-,-,400,,,
25,611,PD,HW; GM,123,ROSMU,3,0,-,-,600,SUN LEAVES,,
25,611,PD,HW; GM,123,ROSMU,1,0,-,-,400,50/50 LEAF TYPE,,
25,611,PD,HW; GM,123,ROSMU,1,0,-,-,20,,,
25,611,PD,HW; GM,123,ROSMU,1,0,-,-,100,,,
25,611,PD,ML,123,ROSMU,1,0,-,-,170,,,
25,611,PD,ML,123,CRAXX,1,1,J2597,J2597,125,,,
25,611,PD,HW; GM,123,MALXX,1,2,J2598,J2599,150,,,
25,611,PD,HW; GM,124,VIBDI,2,4,J2600,J2603,300,ONE IN FLOWER,,
25,611,PD,HW; GM,124,VIBDI,1,0,-,-,120,,,
25,611,PD,ML,124,RUBXX,1,1,J2604,J2604,38,,,
25,611,PD,HW; GM,124,VIBDI,1,2,J2605,J2606,500,,,
25,611,PD,ML,124,RUBXX,1,1,J2607,J2607,75,,,
25,611,PD,HW; GM,124,VIBDI,1,0,-,-,120,,,
25,611,PD,HW; GM,124,VIBDI,2,1,J2608,J2608,100,,,
25,611,PD,ML,124,RUBXX,1,3,J2609,J2611,40,,,
25,611,PD,HW; GM,124,VIBAC,1,0,-,-,30,,,
25,611,PD,HW; GM,124,VIBAC,1,0,-,-,40,,,
25,611,PD,HW; GM,124,VIBAC,1,0,-,-,50,,,
25,611,PD,HW; GM,124,FRAAM,1,0,-,-,6,,,
25,611,PD,ML,124,VIBAC,1,0,-,-,140,,,
25,611,PD,HW; GM,124,VIBAC,1,0,-,-,40,,,
25,611,PD,HW; GM,124,VIBAC,1,0,-,-,60,,,
25,611,PD,ML,124,VIBAC,1,0,-,-,95,,,
25,611,PD,ML,124,VIBAC,1,1,J2612,J2612,60,,,
25,611,PD,HW; GM,124,VIBAC,1,0,-,-,75,,,
25,611,PD,HW; GM,124,VIBAC,2,0,-,-,55,,,
25,611,PD,ML,124,VIBAC,1,1,J2613,J2613,75,PUPA,,
25,611,PD,HW; GM,124,VIBAC,1,0,-,-,65,,,
25,611,PD,HW; GM,124,ROSMU,1,0,-,-,70,,,
25,611,PD,HW; GM,124,ROSMU,2,0,-,-,,SAWFLY (X6),,
25,611,PD,HW; GM,124,RUBXX,1,2,J2614,J2615,30,,,
26,611,PD,HW/GM,122,MALXX,1,0,-,-,125,,,
26,611,PD,HW/GM,122,MALXX,2,0,-,-,150,,,
26,611,PD,HW/GM,122,BERTH,1,0,-,-,75,,,
26,611,PD,HW/GM,122,VIBDI,1,0,-,-,50,,,
26,611,PD,HW/GM,122,VIBAC,1,0,-,-,30,,,
26,611,PD,ML,122,VIBDI,1,0,-,-,250,,,
26,611,PD,HW/GM,122,BERTH,1,0,-,-,200,,,
26,611,PD,ML,122,VIBDI,2,0,-,-,150,,,
26,611,PD,HW/GM,122,VIBDI,1,1,J2590,J2590,90,,,
26,611,PD,HW/GM,122,EUOAL,1,0,-,-,60,,,
26,611,PD,ML,122,FRAAM,1,0,-,-,25,,,
26,611,PD,ML,122,ROSMU,1,0,-,-,50,,,
26,611,PD,HW/GM,122,MALXX,1,0,-,-,125,,,
26,611,PD,HW/GM,122,LONMO,1,0,-,-,40,,,
26,611,PD,ML,122,VIBIDI,1,0,-,-,50,ANTS,,
26,611,PD,HW/GM,123,MALXX,1,2,J2591,J2592,300,,,
26,611,PD,ML,123,ROSMU,1,0,-,-,130,,,
26,611,PD,ML,123,PRUSE,1,1,J2593,J2593,80,,,
26,611,PD,HW/GM,123,ROSMU,1,0,-,-,65,,,
26,611,PD,HW/GM,123,VIBDI,1,0,-,-,100,,,
26,611,PD,ML,123,FRAAM,1,0,-,-,10,,,
26,611,PD,HW/GM,123,FRAAM,1,1,J2594,J2594,8,,,
26,611,PD,ML,123,VIBDI,1,1,J2595,J2595,110,,,
26,611,PD,ML,123,FRAAM,1,0,-,-,9,,,
26,611,PD,HW/GM,123,VIBDI,1,1,J2596,J2596,50,,,
26,611,PD,ML,123,VIBDI,1,0,-,-,220,,,
26,611,PD,HW/GM,123,VIBDI,1,0,-,-,200,,,
26,611,PD,HW/GM,123,BERTH,1,0,-,-,300,,,
26,611,PD,HW/GM,123,ROSMU,1,0,-,-,200,,,
26,611,PD,HW/GM,123,VIBDI,1,0,-,-,20,,,
26,611,PD,HW/GM,123,VIBDI,2,0,-,-,150,,,
26,611,PD,HW/GM,123,VIBDI,1,0,-,-,75,,,
26,611,PD,HW/GM,123,VIBDI,1,0,-,-,175,,,
27,611,ML,PD; HW,125,ROSMU,1,0,,,60,,,
27,611,ML,PD; HW,125,VIBDE,1,10,J2624,J2624,50,,,
27,615,ML,PD; DR,126,LONMO,1,1,J2652,J2652,125,,,
27,615,ML,PD; DR,126,LONMO,2,0,-,-,75,,,
27,615,ML,PD; DR,126,VIBLE,1,2,J2653,J2654,110,,,
27,615,ML,PD; DR,126,BERTH,1,0,-,-,500,,,
27,615,ML,PD; DR,126,VIBDE,1,0,-,-,140,,,
27,615,ML,PD; DR,126,ROSMU,1,0,-,-,60,,,
27,615,ML,PD; DR,126,RUBXX,1,0,-,-,20,,,
27,615,ML,PD; DR,126,SAMCA,1,0,-,-,25,,,
27,615,ML,PD; DR,126,LIGVU,1,0,-,-,150,,,
27,615,ML,PD; DR,126,ROSMU,1,0,-,-,80,,,
27,615,ML,PD; DR,126,VIBDE ,1,0,-,-,175,,,
27,615,ML,PD; DR,126,VIBDE,1,1,J2655,J2655,150,,,
27,615,ML,PD; DR,126,VIBLE,1,0,-,-,250,,,
27,615,ML,PD; DR,126,SAMCA,1,0,-,-,55,,,
27,615,ML,PD; DR,126,SAMCA,1,0,-,-,105,,,
27,615,ML,PD; DR,126,VIBDE,1,0,-,-,275,,,
27,615,ML,PD; DR,126,VIBDE,1,0,-,-,50,,,
27,615,ML,PD; DR,126,LONMO,1,0,-,-,325,,,
27,615,ML,PD; DR,126,VIBDE,1,0,-,-,40,,,
27,615,ML,PD; DR,126,VIBDE,2,0,-,-,60,,,
27,615,ML,PD; DR,126,SAMCA,1,0,-,-,35,,,
27,615,ML,PD; DR,126,SAMCA,1,0,-,-,30,,,
27,615,ML,PD; DR,126,LONXX,1,0,-,-,175,,,
27,615,ML,PD; DR,126,VIBDE,1,1,J2656,J2656,125,,,
27,615,ML,PD; DR,126,VIBDE,2,0,-,-,250,,,
27,615,ML,PD; DR,126,LONMO,1,0,-,-,100,,,
27,615,ML,PD; DR,126,LONMO,1,1,J2657,J2657,200,,,
27,615,ML,PD; DR,126,LONMO,1,0,-,-,75,,,
27,615,ML,PD; DR,126,LONMO,2,0,-,-,125,,,
27,615,ML,PD; DR,126,CRAXX,1,0,-,-,30,,,
27,615,ML,PD; DR,126,CRAXX,2,0,-,-,20,,,
28,615,ML,PD; DR,126,VIBLE,1,0,-,-,195,,,
28,615,ML,PD; DR,126,MALXX,1,0,-,-,150,,,
28,615,ML,PD; DR,126,MALXX,2,0,-,-,20,,,
28,615,ML,PD; DR,126,VIBDE,1,1,J2658,J2658,120,,,
28,615,PD,ML; DR,126,LONMO,1,0,-,-,250,,,
28,615,PD,ML; DR,126,ROSMU,1,0,-,-,200,,,
28,615,PD,ML; DR,126,LONMO,1,0,-,-,75,,,
28,615,PD,ML; DR,126,ROSMU,1,0,-,-,150,,,
28,615,ML,PD; DR,127,FRAAM,1,1,J2659,J2659,20,,,
28,615,ML,PD; DR,127,FRAAM,2,0,-,-,12,,,
28,615,ML,PD; DR,127,CRAXX,1,0,-,-,60,,,
28,615,ML,PD; DR,127,VIBAC,1,2,J2660,J2661,25,,,
28,615,ML,PD; DR,127,VIBAC,1,0,-,-,40,,,
28,615,ML,PD; DR,127,VIBAC,1,0,-,-,35,,,
28,615,ML,PD; DR,127,RUBXX,1,1,J2662,J2662,9,,,
28,615,ML,PD; DR,127,CRAXX,1,0,-,-,70,,,
28,615,ML,PD; DR,127,RUBXX,1,4,J2663,J2666,35,,,
28,615,ML,PD; DR,127,CRAXX,1,1,J2667,J2667,85,,,
28,615,ML,PD; DR,127,CRAXX,1,0,-,-,65,,,
28,615,ML,PD; DR,127,CRAXX,1,0,-,-,50,,,
28,615,ML,PD; DR,127,RUBXX,1,1,J2668,J2668,30,EGGS,,
28,615,ML,PD; DR,127,AMEXX,1,2,J2669,J2670,40,,,
28,615,ML,PD; DR,127,AMEXX,1,0,-,-,115,,,
28,615,ML,PD; DR,127,AMEXX,1,0,-,-,60,,,
28,615,ML,PD; DR,127,VIBAC,1,3,J2671,J2673,60,,,
28,615,ML,PD; DR,127,RUBXX,1,1,J2674,J2674,50,,,
28,615,ML,PD; DR,127,VIBAC,1,0,-,-,60,EGGS,,
28,615,ML,PD; DR,127,RUBXX,1,0,-,-,55,,,
28,615,ML,PD; DR,127,VIBAC,1,0,-,-,80,,,
28,615,ML,PD; DR,127,PRUSE,1,2,J2675,J2676,95,,,
28,615,ML,PD; DR,127,VIBAC,1,0,-,-,15,,,
28,615,ML,PD; DR,127,PRUSE,2,1,J2677,J2677,120,,,
28,615,ML,PD; DR,128,VIBPL,1,0,-,-,50,,,
29,615,ML,PD;DR,128,LIGVU,1,0,-,-,400,,,
29,615,ML,PD;DR,128,LIGVU,2,0,-,-,400,,,
29,615,ML,PD;DR,128,FRAAM,1,0,-,-,150,,,
29,615,ML,PD;DR,128,FRAAM,1,1,J2678,J2678,45,,,
29,615,ML,PD;DR,128,ROSMU,1,0,-,-,50,,,
29,615,ML,PD;DR,128,ROSMU,1,1,J2679,J2679,80,,,
29,615,ML,PD;DR,128,VIBPL,1,1,J2680,J2680,100,,,
29,615,ML,PD;DR,128,LIGVU,1,0,-,-,550,,,
29,615,ML,PD;DR,128,ROSMU,1,0,-,-,100,,,
29,615,ML,PD;DR,128,ROSMU,2,0,-,-,275,,,
29,615,ML,PD;DR,128,VIBPL,1,0,-,-,60,,,
29,615,ML,PD;DR,128,VIBPL,1,1,J2681,J2681,110,,,
29,615,ML,PD;DR,128,ROSMU,1,0,-,-,160,,,
29,615,ML,PD;DR,128,LIGVU,1,0,-,-,120,,,
29,615,ML,PD;DR,128,EUOAL,1,0,-,-,125,,,
29,615,ML,PD;DR,128,EUOAL,2,0,-,-,250,,,
29,615,ML,PD;DR,128,LIGVU,1,2,J2682,J2683,450,,,
29,615,ML,PD;DR,128,LIGVU,1,0,-,-,200,,,
29,616,PD,KD;AO,129,FRAAM,1,0,-,-,14,,,
29,616,PD,KD,129,ROSMU,1,0,-,-,20,,,
29,616,PD,KD,129,BERTH,1,0,-,-,300,,,
29,616,PD,KD,129,ULMRU,1,0,-,-,25,,,
29,616,PD,KD,129,VIBDI,1,0,-,-,75,,,
29,616,PD,KD,129,BERTH,1,0,-,-,275,,,
29,616,PD,KD,129,VIBDI,1,0,-,-,200,,,
29,616,PD,KD,129,VIBDI,2,0,-,-,75,,,
29,616,PD,KD,129,BERTH,2,0,-,-,300,,,
29,616,PD,KD,129,VIBDI,1,0,-,-,75,,,
29,616,PD,KD,129,VIBDI,1,0,-,-,125,,,
29,616,PD,KD,129,RUBXX,1,0,-,-,5,,,
29,616,PD,KD,129,VIBDI,1,0,-,-,60,,,
29,616,PD,KD,129,RUBXX,1,0,-,-,8,,,
29,616,PD,KD,129,VIBDI,1,0,-,-,50,,,
30,616,PD,KD,129,VIBDI,1,0,-,-,75,,,
30,616,PD,KD,129,VIBDI,2,0,-,-,125,,,
30,616,KD,PD,129,ROSMU,1,0,-,-,50,,,
30,616,KD,PD,129,ROSMU,1,0,-,-,70,,,
30,616,KD,PD,129,RUBPH,1,0,-,-,40,,,
30,616,KD,PD,129,ROSMU,1,0,-,-,70,,,
30,616,KD,PD,129,RUBPH,1,0,-,-,50,,,
30,616,KD,PD,129,VIBDI,1,0,-,-,230,,,
30,616,KD,PD,129,RUBPH,1,0,-,-,40,,,
30,616,KD,PD,129,VIBLA,1,0,-,-,125,,,
30,616,KD,PD,129,VIBLA,2,0,-,-,140,EGGS (SPIDERS?),,
30,616,KD,PD,129,VIBLA,3,0,-,-,165,,,
30,616,KD,PD,129,VIBLA,1,0,-,-,130,,,
30,616,KD,PD,129,LIGVU,1,1,J2714,J2714,50,,,
30,616,KD,PD,129,LIGVU,1,0,-,-,100,,,
30,616,KD,PD,129,RUBPH,1,0,-,-,110,,,
30,616,KD,PD,129,VIBLA,1,0,-,-,70,,,
30,616,KD,PD,129,RUBPH,1,0,-,-,80,,,
30,616,KD,PD,129,BERTH,1,0,-,-,400,,,
30,616,KD,PD,129,RUBPH,1,0,-,-,150,,,
30,616,KD,PD,129,VIBLA,1,0,-,-,50,,,
30,616,KD,PD,129,RUBPH,1,0,-,-,120,,,
30,616,KD,AO,130,ROSMU,1,0,-,-,100,,,
30,616,KD,AO,130,ROSMU,1,0,-,-,60,,,
30,616,KD,AO,130,ROSMU,1,0,-,-,100,,,
30,616,KD,AO,130,ROSMU,1,0,-,-,110,,,
30,616,KD,AO,130,ROSMU,1,0,-,-,70,,,
30,616,KD,AO,130,ROSMU,1,1,J2715,J2715,300,,,
30,616,KD,AO,130,LIGVU,1,1,J2716,J2716,250,,,
30,616,KD,AO,130,ROSMU,1,5,J2717,J2721,300,,,
30,616,KD,AO,130,ROSMU,1,0,-,-,200,,,
30,616,KD,AO,130,ROSMU,1,1,J2722,J2722,200,,,
30,616,KD,AO,130,MALXX,1,1,J2723,J2723,60,,,
31,616,HW,RP,130,ROSMU,1,3,J2751,J2753,200,,,
31,616,HW,RP,130,ROSMU,2,1,J2754,J2754,250,,,
31,616,HW,RP,130,LIGVU,1,1,J2755,J2755,70,,,
31,616,HW,RP,130,LONMO,1,0,-,-,150,,,
31,616,HW,RP,130,RUBXX,1,3,J2756,J2758,80,,,
31,616,HW,RP,130,ROSMU,1,2,J2759,J2760,100,,,
31,616,HW,RP,130,ROSMU,1,0,-,-,200,,,
31,616,HW,RP,130,FRAAM,1,1,J2761,J2761,50,,,
31,617,PD,KD,131,VIBAC,1,0,-,-,35,,,
31,617,PD,KD,131,VIBAC,1,0,-,-,70,,,
31,617,PD,KD,131,VIBAC,1,1,J2807,J2807,40,,,
31,617,PD,KD,131,VIBAC,1,0,-,-,20,,,
31,617,PD,KD,131,VIBAC,1,0,-,-,60,,,
31,617,PD,KD,131,VIBAC,1,0,-,-,50,,,
31,617,PD,KD,131,FRAAM,1,0,-,-,8,,,
31,617,PD,KD,131,VIBAC,1,0,-,-,50,,,
31,617,PD,KD,132,VIBAC,1,1,J2808,J2808,125,,,
31,617,PD,KD,132,VIBAC,2,0,-,-,100,,,
31,617,PD,KD,132,VIBAC,1,1,J2809,J2809,150,PUPA,,
31,617,PD,KD,132,VIBAC,1,0,-,-,120,,,
31,617,PD,KD,132,VIBAC,1,0,-,-,125,,,
31,617,PD,KD,132,BERTH,1,0,-,-,200,,,
31,617,PD,KD,132,LONMO,1,0,-,-,50,,,
31,617,PD,KD,132,LONMO,2,0,-,-,75,,,
31,617,PD,KD,132,LONMO,3,0,-,-,125,,,
31,617,PD,KD,132,BERTH,1,0,-,-,250,,,
31,617,PD,KD,132,VIBAC,1,1,J2810,J2810,150,PUPA,,
31,617,PD,KD,132,BERTH,1,0,-,-,500,,,
31,617,PD,SB,133,PRUSE,1,0,-,-,100,,,
31,617,PD,SB,133,PRUSE,2,1,J2811,J2811,100,,,
31,617,PD,SB,133,PRUSE,3,0,-,-,75,,,
31,617,PD,SB,133,PRUSE,4,0,-,-,125,,,
31,617,PD,SB,133,PRUSE,5,1,J2812,J2812,150,,,
32,616,KD,AO,130,RUBXX,1,0,-,-,20,,,
32,616,KD,AO,130,RUBXX,1,5,J2724,J2728,20,,,
32,617,ML,SB,131,RUBXX,1,0,-,-,15,,,
32,617,ML,SB,131,RUBXX,1,0,-,-,20,,,
32,617,ML,SB,131,RUBXX,1,0,-,-,30,,,
32,617,ML,SB,131,VIBAC,1,0,-,-,90,,,
32,617,ML,SB,131,VIBAC,1,0,-,-,50,,,
32,617,ML,SB,131,VIBAC,1,0,-,-,40,,,
32,617,ML,SB,131,VIBAC,1,0,-,-,85,,,
32,617,ML,SB,131,VIBAC,1,0,-,-,80,,,
32,617,ML,SB,131,VIBAC,1,0,-,-,60,,,
32,617,ML,SB,131,BERTH,1,0,-,-,300,,,
32,617,ML,SB,131,BERTH,2,0,-,-,250,,,
32,617,ML,SB,131,VIBAC,1,0,-,-,30,,,
32,617,ML,SB,131,VIBAC,1,0,-,-,45,,,
32,617,ML,SB,132,VIBAC,1,0,J2776,J2776,120,,,
32,617,ML,SB,132,VIBAC,1,0,-,-,100,,,
32,617,ML,SB,132,VIBAC,1,0,-,-,115,,,
32,617,ML,SB,132,VIBAC,1,0,-,-,100,,,
32,617,ML,SB,132,VIBAC,1,0,-,-,125,,,
32,617,ML,SB,132,VIBAC,1,4,J2777,J2780,85,,,
32,617,ML,SB,132,VIBAC,1,1,J2781,J2781,150,,,
32,617,ML,SB,132,FRAAM,1,0,-,-,28,,,
32,617,ML,SB,132,VIBAC,1,0,-,-,60,,,
32,617,ML,SB,132,LONMO,1,0,-,-,50,,,
32,617,ML,SB,132,BERTH,1,0,-,-,250,,,
32,617,ML,SB,132,BERTH,1,1,J2782,J2782,1600,,,
32,617,ML,SB,132,BERTH,1,0,-,-,800,,,
32,617,PD,KD; SB,133,BERTH,1,0,-,-,350,,,
32,617,PD,KD; SB,133,BERTH,2,0,-,-,400,EGGS,,
32,617,PD,KD; SB,133,LONMO,1,1,J2783,J2783,150,PUPA,,
32,617,PD,ML,133,LONMO,1,0,-,-,175,,,
32,617,PD,ML,133,LONMO,2,0,-,-,75,,,
33,617,KD,RP,133,LIGVU,1,1,J3179,J3179,200,,,
33,617,KD,RP,133,MALXX,1,3,J3180,J3182,250,,,
33,617,KD,RP,133,LIGVU,1,0,-,-,150,,,
33,617,KD,RP,133,BERTH,1,1,J3183,J3183,300,,,
33,617,KD,RP,133,LIGVU,1,0,-,-,80,,,
33,617,KD,RP,133,VIBDI,1,0,-,-,130,,,
33,617,KD,RP,133,MALXX,2,0,-,-,200,,,
33,617,KD,RP,133,FRAAM,1,0,-,-,50,,,
33,617,KD,RP,133,ROSMU,1,0,-,-,175,,,
33,617,KD,RP,133,PRUSE,1,1,J3185,J3185,70,,,
33,617,KD,RP,133,ROSMU,1,1,J3186,J3186,150,,,
33,618,KD,HW,134,FRAAM,1,1,J2838,J2838,30,,,
33,618,KD,HW,134,FRAAM,2,0,-,-,40,,,
33,618,KD,HW,134,FRAAM,3,0,-,-,50,,,
33,618,KD,HW,134,RUBXX,1,2,J2839,J2840,30,,,
33,618,HW,KD,135,ROSMU,1,0,-,-,130,,,
33,618,HW,KD,135,ROSMU,1,0,-,-,60,,,
33,618,HW,KD,135,ROSMU,1,0,-,-,130,,,
33,618,HW,KD,135,ROSMU,1,0,-,-,80,,,
33,618,HW,KD,135,ROSMU,1,0,-,-,120,,,
33,618,HW,KD,135,ROSMU,1,0,-,-,50,,,
33,618,HW,KD,136,LONMO,1,0,-,-,140,,,
33,618,HW,KD,136,LONMO,2,0,-,-,100,,,
33,618,HW,KD,136,ROSMU,1,0,-,-,80,,,
33,618,HW,KD,136,ROSMU,2,0,-,-,220,,,
33,618,HW,KD,136,ROSMU,1,3,J2841,J2843,150,,,
33,618,HW,KD,136,ROSMU,1,0,-,-,60,,,
33,618,HW,KD,136,BERTH,1,0,-,-,400,,,
33,618,HW,KD,136,BERTH,1,0,-,-,300,,,
33,618,HW,KD,136,ROSMU,1,0,-,-,300,,,
33,618,HW,KD,136,BERTH,1,0,-,-,400,,,
33,618,HW,KD,136,BERTH,1,0,-,-,600,,,
34,617,PD,KD; SB; ML,133,LONMO,1,2,J2784,J2785,120,,,
34,617,PD,KD; SB; ML,133,LONMO,1,0,-,-,125,,,
34,617,PD,KD; SB; ML,133,LONMO,1,0,-,-,120,,,
34,617,PD,KD; SB; ML,133,LONMO,1,0,-,-,120,,,
34,617,PD,KD; SB; ML,133,BERTH,1,0,-,-,350,,,
34,617,PD,KD; SB; ML,133,LONMO,1,2,J2786,J2787,60,,,
34,617,PD,KD; SB; ML,133,BERTH,1,0,-,-,300,,,
34,617,PD,KD; SB; ML,133,LONMO,1,0,-,-,100,,,
34,617,PD,KD; SB; ML,133,LONMO,1,0,-,-,80,,,
34,617,PD,KD; SB; ML,133,PRUSE,1,0,-,-,35,,,
34,617,PD,KD; SB; ML,133,ROSMU,1,1,J2788,J2788,500,,,
34,618,HW,KD,136,RUBXX,1,1,J2789,J2789,30,,,
34,618,HW,KD,136,VIBDI,1,0,-,-,50,,,
34,618,HW,KD,136,EUOAL,1,0,-,-,150,,,
34,618,HW,PD; KD,137,VIBDI,1,0,-,-,150,,,
34,618,HW,PD ,137,VIBDI,1,2,J2845,J2846,120,,,
34,618,HW,KD,137,VIBDI,1,0,-,-,40,,,
34,618,HW,KD,137,VIBDI,1,0,-,-,150,,,
34,618,HW,KD,137,VIBDI,1,0,-,-,160,,,
34,618,HW,PD,137,VIBDI,1,0,-,-,30,,,
34,618,HW,KD,137,VIBDI,1,0,-,-,120,,,
34,618,HW,PD,137,VIBDI,1,1,J2847,J2847,30,,,
34,618,HW,PD,137,VIBDI,2,0,-,-,60,,,
34,618,HW,KD,137,VIBDI,1,0,-,-,110,,,
34,618,HW,KD,137,VIBDI,1,0,-,-,150,,,
34,618,HW,PD,137,VIBDI,1,1,J2848,J2848,125,,,
34,618,HW,PD,137,VIBDI,2,0,-,-,150,,,
34,618,HW,KD,137,BERTH,1,0,-,-,210,,,
34,618,HW,KD,137,VIBDI,1,0,-,-,50,,,
34,618,HW,PD,137,VIBDI,1,0,-,-,150,,,
34,618,HW,KD,137,VIBDI,1,0,-,-,120,,,
34,618,HW,PD,137,VIBDI,1,0,-,-,230,,,
34,618,HW,KD,137,VIBDI,1,0,-,-,70,,,
34,618,HW,PD,137,VIBDI,1,0,-,-,125,,,
34,618,HW,KD,137,BERTH,1,0,-,-,250,,,
34,618,HW,PD,137,VIBDI,1,0,-,-,60,,,
35,617,PD,SB,133,ROSMU,1,5,J2813,J2817,175,,,
35,617,PD,SB,133,PRUSE,1,1,J2818,J2818,75,,,
35,617,PD,SB,133,ROSMU,1,0,-,-,50,,,
35,617,PD,SB,133,MALXX,1,1,J2819,J2819,200,,,
35,617,PD,SB,133,PRUSE,1,0,-,-,160,,,
35,617,PD,SB,133,PRUSE,2,0,-,-,150,,,
35,617,PD,SB,133,PRUSE,3,3,J2820,J2822,150,,,
35,618,PD,GM:RP,134,VIBPL,1,0,-,-,150,,,
35,618,PD,GM:RP,134,VIBPL,2,0,-,-,100,,,
35,618,PD,GM:RP,134,PRUSE,1,0,-,-,125,,,
35,618,PD,GM:RP,134,PRUSE,2,0,-,-,75,,,
35,618,PD,GM:RP,134,LONMO,1,0,-,-,150,,,
35,618,PD,GM:RP,135,ROSMU,1,3,J2869,J2871,250,,,
35,618,PD,GM:RP,135,ROSMU,2,1,J2872,J2872,75,,,
35,618,PD,GM:RP,135,ROSMU,1,0,-,-,50,,,
35,618,PD,GM:RP,135,ROSMU,2,0,-,-,125,,,
35,618,PD,GM:RP,135,ROSMU,1,0,-,-,50,,,
35,618,PD,GM:RP,135,ROSMU,1,0,-,-,150,,,
35,618,PD,GM:RP,135,PRUSE,1,0,-,-,40,,,
35,618,PD,GM:RP,135,PRUSE,2,0,-,-,125,,,
35,618,PD,GM:RP,135,ROSMU,1,1,J2873,J2873,75,,,
35,618,RP,PD/GM,135,PRUSE,3,0,-,-,70,,,
35,618,RP,PD/GM,135,PRUSE,1,0,-,-,50,,,
35,618,RP,PD/GM,135,PRUSE,2,0,-,-,25,,,
35,618,RP,PD/GM,135,PRUSE,3,0,-,-,40,,,
35,618,RP,PD/GM,135,ROSMU,1,0,-,-,200,,,
35,618,RP,PD/GM,136,ROSMU,1,0,-,-,200,,,
35,618,RP,PD/GM,136,BERTH,1,0,-,-,300,,,
35,618,RP,PD/GM,136,ROSMU,1,0,-,-,150,,,
35,618,RP,PD/GM,136,ROSMU,2,1,J2873,J2873,300,,,
35,618,RP,PD/GM,136,ROSMU,1,0,-,-,150,,,
35,618,RP,PD/GM,136,ROSMU,2,0,-,-,100,,,
35,618,RP,PD/GM,136,BERTH,1,0,-,-,400,,,
36,621,SB,PD,138,MALXX,1,0,-,-,50,eggs,,
36,621,SB,PD,138,MALXX,2,1,J2900,J2900,75,,,
36,621,SB,PD,138,ROSXX,1,0,-,-,60,,,
36,621,SB,PD,138,ROSMU,1,0,-,-,100,,,
36,621,SB,PD,138,ROSMU,1,0,-,-,300,,,
36,621,SB,PD,138,LIGOB,1,0,-,-,150,,,
36,621,SB,PD,138,LIGOB,2,4,J2901,J2904,400,,,
36,621,SB,PD,138,ROSMU,1,0,-,-,25,,,
36,621,SB,PD,138,ROSMU,1,0,-,-,100,,,
36,621,SB,PD,138,LIGOB,1,0,-,-,80,,,
36,621,SB,PD,138,VIBDE,1,0,-,-,85,,,
36,621,SB,PD,138,VIBLE,1,0,-,-,UNK,,,
36,621,SB,PD,138,LIGVU,1,0,-,-,180,,,
36,621,SB,PD,138,VIBLE,1,1,J2905,J2905,90,,,
36,621,SB,PD,138,VIBLE,1,1,J2906,J2906,120,,,
36,621,SB,PD,138,VIBLE,1,0,-,-,90,,,
36,621,SB,PD,138,LIGOB,1,0,-,-,75,,,
36,621,SB,PD,138,LIGOB,1,0,-,-,200,,,
36,621,SB,PD,138,VIBLE,1,2,J2907,J2908,200,,,
36,621,SB,PD,138,LIGOB,1,0,-,-,200,,,
36,621,SB,PD,138,VIBLE,1,0,-,-,100,,,
36,621,SB,PD,138,VIBLE,1,1,J2909,J2909,150,,,
36,621,SB,PD,138,LIGOB,1,0,-,-,100,,,
36,621,SB,PD,138,ROSMU,1,0,-,-,200,,,
36,621,SB,PD,138,MALXX,1,0,-,-,200,,,
36,621,SB,PD,138,MALXX,2,2,J2910,J2911,200,,,
36,621,SB,PD,138,ROSMU,1,0,-,-,50,,,
36,621,SB,PD,138,MALXX,3,0,-,-,120,,,
36,621,SB,PD,138,ROSMU,1,0,-,-,50,,,
36,621,SB,PD,138,RUBXX,1,2,J2912,J2913,50,,,
36,621,DR,PDSB,139,BERTH,1,1,J2914,J2914,600,,,
36,621,DR,PDSB,139,LIGOB,1,1,J2915,J2915,175,,,
36,621,DR,PDSB,139,BERTH,1,0,-,-,450,,,
37,621,HW,RP,138,LIGOB,1,0,-,-,150,,,
37,621,HW,RP,138,LIGOB,2,0,-,-,200,,,
37,621,HW,RP,138,ROSXX,1,0,-,-,60,,,
37,621,HW,RP,138,ROSXX,1,1,J2931,J2931,55,,,
37,621,HW,RP,138,RUBXX,1,0,-,-,30,,,
37,621,HW,RP,138,ROSXX,1,0,-,-,20,,,
37,621,HW,RP,138,LIGOB,1,0,-,-,170,,,
37,621,HW,RP,138,LIGOB,2,0,-,-,200,,,
37,621,HW,RP,138,LIGOB,1,0,-,-,60,,,
37,621,HW,RP,138,LIGOB,1,0,-,-,300,,,
37,621,HW,ML,138,ROSMU,1,0,-,-,150,,,
37,621,HW,ML,138,LONMO,1,1,J2932,J2932,125,,,
37,621,HW,ML,138,MALXX,1,0,-,-,80,,,
37,621,HW,ML,138,LIGOB,1,0,-,-,450,,,
37,621,HW,RP,138,ROSMU,1,0,-,-,95,,,
37,621,HW,RP,138,VIBLE,1,2,J2933,J2934,50,,,
37,621,HW,RP,138,VIBLE,2,0,-,-,60,,,
37,621,RP,HW,138,VIBLE,1,0,-,-,140,,,
37,621,RP,HW,138,CRAXX,1,0,-,-,150,,,
37,621,RP,HW,138,LIGOB,1,0,-,-,300,,,
37,621,RP,HW,138,VIBLE,1,0,-,-,150,,,
37,621,RP,HW,138,MALXX,1,0,-,-,250,,,
37,621,RP,HW,138,MALXX,2,0,-,-,200,,,
37,621,RP,HW,138,MALXX,1,0,-,-,300,,,
37,621,RP,HW,138,MALXX,1,0,-,-,200,,,
37,621,HW,ML,139,MALXX,1,0,-,-,250,,,
37,621,HW,RP,139,MALXX,2,3,J2935,J2937,300,,,
37,621,HW,RP,139,BERTH,1,0,-,-,300,,,
37,621,HW,RP,139,MALXX,1,0,-,-,70,,,
37,621,HW,RP,139,MALXX,1,0,-,-,45,,,
37,621,HW,RP,139,BERTH,1,0,-,-,350,,,
37,621,RP,HW,139,ROSMU,1,2,J2938,J2939,70,,,
38,621,PD,SB;DR,139,BERTH,1,1,J2916,J2916,300,,,
38,621,PD,SB;DR,139,BERTH,1,0,-,-,100,,,
38,621,PD,SB;DR,139,BERTH,1,1,J2917,J2917,350,,,
38,621,PD,SB;DR,139,FRAAM,1,0,-,-,14,,,
38,621,PD,SB;DR,139,MALXX,1,1,J2918,J2918,50,GOT LAUNCHED OFF SHEET,,
38,621,PD,SB;DR,139,BERTH,1,0,-,-,250,,,
38,621,SB,SB;DP,140,MALXX,1,0,-,-,65,,,
38,621,SB,SB;DP,140,MALXX,2,1,J2919,J2919,80,,,
38,621,SB,SB;DP,140,MALXX,3,0,-,-,120,,,
38,621,SB,SB;DP,140,MALXX,4,1,J2920,J2920,130,,,
38,621,SB,SB;DP,140,ROSMU,1,1,J2921,J2921,200,,,
38,621,SB,SB;DP,140,FRAAM,1,0,-,-,10,,,
38,621,SB,SB;DP,140,FRAAM,2,0,-,-,10,,,
38,621,SB,SB;DP,140,FRAAM,3,,-,-,40,,,
38,622,GM,GM;KD,141,BERTH,1,0,-,-,400,,,
38,622,GM,GM;KD,141,BERTH,1,1,J2962,J2962,350,,,
38,622,GM,GM;KD,141,BERTH,1,0,-,-,400,,,
38,622,GM,GM;KD,141,BERTH,1,0,-,-,600,,,
38,622,GM,GM;KD,141,BERTH,1,1,J2963,J2963,1000,,,
38,622,GM,GM;KD,141,BERTH,1,0,-,-,600,,,
38,622,GM,GM;KD,141,BERTH,1,0,-,-,700,,,
38,622,GM,GM;KD,141,BERTH,2,0,-,-,100,,,
38,622,GM,GM;KD,141,BERTH,1,0,-,-,800,,,
38,622,GM,GM;KD,141,BERTH,1,1,J2964,J2964,600,,,
38,622,GM,GM;KD,141,BERTH,1,1,J2965,J2965,500,DEAD,,
38,622,GM,GM;KD,141,BERTH,1,1,J2966,J2966,500,,,
38,622,GM,GM;KD,141,BERTH,1,0,-,-,600,,,
38,622,GM,GM;KD,142,BERTH,1,0,-,-,400,,,
38,622,GM,GM;KD,142,BERTH,1,0,-,-,800,,,
38,622,GM,GM;KD,142,BERTH,1,0,-,-,900,,,
38,622,GM,GM;KD,142,BERTH,1,0,-,-,1200,,,
38,622,GM,GM;KD,142,VIBAC,1,0,-,-,40,,,
38,622,GM,GM;KD,142,BERTH,1,0,-,-,300,,,
39,621,HW,RP,140,FRAAM,1,0,-,-,15,,,
39,621,HW,RP,140,MALXX,1,1,J2940,J2940,150,,,
39,621,HW,RP,140,ROSMU,1,1,J2941,J2941,100,,,
39,621,HW,RP,140,ROSMU,1,1,J2942,J2942,250,,,
39,622,ML,RP,141,FRAAM,1,1,J3024,J3024,25,,,
39,622,ML,RP,141,FRAAM,2,0,-,-,30,,,
39,622,ML,RP,141,BERTH,1,1,J3025,J3025,700,,,
39,622,ML,RP,141,BERTH,1,0,-,-,200,,,
39,622,ML,RP,141,BERTH,1,0,J3026,J3026,500,,,
39,622,ML,RP,141,FRAAM,1,0,-,-,50,,,
39,622,ML,RP,141,ROSMU,1,2,J3027,J3028,250,,,
39,622,ML,RP,141,BERTH,1,2,J3029,J3030,800,,,
39,622,ML,RP,141,BERTH,2,0,-,-,500,,,
39,622,ML,RP,141,BERTH,1,4,J3031,J3034,800,,,
39,622,ML,RP,141,LIGOB,1,0,-,-,80,,,
39,622,ML,RP,141,BERTH,1,1,J3035,J3035,1500,,,
39,622,ML,RP,142,VIBDI,1,1,J3036,J3036,125,,,
39,622,ML,RP,142,VIBAC,1,0,-,-,36,,,
39,622,ML,RP,142,FRAAM,1,1,J3037,J3037,40,,,
39,622,ML,RP,142,VIBAC,1,0,-,-,100,,,
39,622,ML,RP,142,VIBAC,1,0,-,-,50,,,
39,622,ML,RP,142,FRAAM,1,0,-,-,75,,,
39,622,ML,RP,142,FRAAM,1,0,-,-,60,,,
39,622,ML,RP,142,VIBAC,1,0,-,-,60,,,
39,622,ML,RP,142,VIBAC,1,0,-,-,30,,,
39,622,ML,RP,142,BERTH,1,0,-,-,300,,,
39,623,PD,GM,143,ROSMU,1,0,-,-,40,SUN LEAVES,,
39,623,PD,GM,143,ROSMU,1,0,-,-,80,,,
39,623,PD,GM,143,LIGOB,1,0,-,-,75,,,
39,623,PD,GM,143,ROSMU,1,1,J3117,J3117,40,,,
39,623,PD,GM,143,MALXX,1,3,J3118,J3120,75,,,
39,623,PD,GM,143,MALXX,2,,J3121,J3121,100,,,
39,623,PD,GM,143,ROSMU,1,0,-,-,75,,,
40,621,DR,ML,140,VIBSI,0,0,-,-,70,,,
40,621,DR,ML,140,ROSMU,1,1,,,200,,,
40,621,DR,ML,140,VIBPL,0,0,-,-,115,,,
40,621,DR,ML,140,VIBSI,0,0,-,-,80,,,
40,621,DR,ML,140,VIBSI,0,0,-,-,100,,,
40,621,DR,ML,140,VIBDI,0,0,-,-,175,,,
40,623,AO,RP,143,ROSMU,1,1,J3210,J3210,150,,,
40,623,AO,RP,143,LIGOB,0,0,-,-,85,,,
40,623,AO,RP,143,VIBPL,0,0,-,-,78,,,
40,623,AO,RP,143,MALXX,0,0,-,-,60,,,
40,623,AO,RP,143,MALXX,1,1,J3211,J3211,82,,,
40,623,AO,RP,143,MALXX,1,1,J3212,J3212,95,,,
40,623,AO,RP,143,MALXX,1,1,J3213,J3213,78,,,
40,623,AO,RP,143,MALXX,3,3,J3214,J3216,87,,,
40,623,AO,RP,143,MALXX,0,0,-,-,54,,,
40,623,AO,RP,143,MALXX,3,3,J3217,J3219,120,,,
40,623,AO,RP,143,MALXX,2,2,J3220,J3221,135,,,
40,623,AO,RP,143,MALXX,1,1,J3222,J3222,130,S,,
40,623,AO,RP,143,RHOSC,1,1,J3223,J3223,82,,,
40,623,AO,RP,143,RHOSC,0,0,-,-,90,,,
40,623,AO,RP,143,BERTH,0,0,-,-,400,,,
40,623,AO,RP,143,ROSMU,5,5,J3224,J3228,250,,,
40,623,AO,RP,144,LIGOB,1,1,J3229,J3229,180,P,,
40,623,AO,RP,144,LIGOB,0,0,-,-,80,,,
40,623,AO,RP,144,MALXX,3,3,J3230,J3232,78,,,
40,623,AO,RP,144,ROSMU,3,3,J3233,J3235,70,,,
41,623,DR,RP,146,CRAXX,1,5,J3144,J3147,130,cat count correct; includes cat J3176,,
41,623,DR,RP,146,BERTH,1,0,-,-,250,,,
41,623,DR,RP,146,BERTH,1,0,-,-,400,,,
41,623,DR,RP,146,BERTH,1,0,-,-,500,,,
41,624,PD,,151,VIBAC,1,1,J3272,J3272,4,,,
41,624,PD,,151,VIBAC,1,0,-,-,50,,,
41,624,PD,,151,PRUSE,1,1,J3273,J3273,65,,,
41,624,PD,,151,LONTA,1,0,-,-,80,,,
41,624,PD,,151,LONTA,1,0,-,-,75,,,
41,624,PD,,151,LONTA,1,0,-,-,50,,,
41,624,PD,,151,LONTA,2,0,-,-,70,,,
41,624,PD,,151,VIBDE,1,1,J3274,J3274,100,,,
41,624,PD,,151,VIBDE,1,0,-,-,110,,,
41,624,PD,,151,LONTA,1,1,J3275,J3276,75,,,
41,624,PD,,151,LONTA,1,0,-,-,100,,,
41,624,PD,,151,LONTA,1,1,J3277,J3277,125,,,
41,624,PD,,151,LONTA,2,0,-,-,75,,,
41,624,PD,,151,LONTA,3,0,-,-,50,,,
41,624,PD,,151,LONTA,4,0,-,-,150,,,
41,624,PD,,151,CRAXX,1,3,J3278,J3280,25,,,
42,623,PD,GM,143,VIBPL,1,0,-,-,40,,,
42,623,PD,GM,143,RUBXX,1,2,J3122,J3123,20,,,
42,623,PD,GM,143,ROSMU,1,0,-,-,60,,,
42,623,PD,GM,143,ROSMU,1,2,J3124,J3125,75,,,
42,623,PD,GM,143,VIBPL,1,3,J3126,J3128,40,,,
42,623,PD,GM,143,LIGOB,1,1,J3129,J3129,30,,,
42,623,PD,GM,143,ROSMU,1,0,-,-,50,,,
42,623,PD,GM,143,FRAAM,1,0,-,-,24,,,
42,623,PD,GM,143,ROSMU,1,0,-,-,30,,,
42,623,PD,GM,143,ROSMU,1,0,-,-,45,,,
42,623,PD,GM,143,ROSMU,1,0,-,-,65,,,
42,623,PD,GM,143,LIGOB,1,0,-,-,80,,,
42,623,PD,GM,144,PRUSE,1,0,-,-,150,,,
42,623,PD,GM,144,PRUSE,2,1,J3130,J3130,40,,,
42,623,PD,GM,144,LIGOB,1,0,-,-,225,,,
42,623,PD,GM,144,PRUSE,3,1,J3131,J3131,50,,,
42,623,PD,GM,144,PRUSE,1,0,-,-,150,,,
42,623,PD,GM,144,VIBDI,1,0,-,-,120,,,
42,623,PD,GM,144,EUOAL,1,0,-,-,200,,,
42,623,PD,GM,144,LIGOB,1,1,J3132,J3132,250,,,
42,623,PD,GM,144,LIGOB,2,1,J3133,J3133,500,,,
42,623,PD,GM,144,LIGOB,1,0,-,-,300,,,
42,623,,,,ROSMU,1,1,J3134,J3134,200,,,
42,623,DR,RP,145,BERTH,1,1,J3135,J3135,400,,,
42,623,DR,RP,145,BERTH,1,,J3137,J3137,400,,,
42,623,DR,RP,145,MALXX,1,0,-,-,90,,,
42,623,DR,RP,145,MALXX,1,1,J3136,J3136,190,,,
42,623,DR,RP,146,CRAXX,1,0,-,-,70,,,
42,623,DR,RP,146,CRAXX,2,0,-,-,85,,,
42,623,DR,RP,146,CRAXX,1,0,-,-,70,,,
42,623,DR,RP,146,CRAXX,1,0,-,-,30,,,
42,623,DR,RP,146,CRAXX,1,0,-,-,150,,,
42,623,DR,RP,146,CRAXX,1,6,J3138,J3143,200,,,
43,623,KD,HW,143,VIBPL,1,0,-,-,60,,,
43,623,KD,HW,143,PRUSE,1,0,-,-,50,,,
43,623,KD,HW,143,LIGOB,1,1,J3148,J3149,130,,,
43,623,KD,HW,143,LIGOB,1,0,-,-,160,,,
43,623,KD,HW,143,VIBDI,1,1,J3150,J3150,,EGGS,,
43,623,KD,HW,143,PRUSE,0,0,-,-,100,,,
43,623,KD,HW,143,BERTH,0,0,-,-,40,,,
43,623,KD,HW,143,BERTH,1,4,J3151,J3154,1300,,,
43,623,KD,HW,143,ROSMU,2,2,J3155,J3156,1000,,,
43,623,KD,HW,143,VIBPL,1,2,J3157,J3158,100,,,
43,623,KD,HW,143,ROSMU,1,0,-,-,100,,,
43,623,KD,HW,143,VIBPL,,2,J3159,J3160,100,,,
43,623,KD,HW,143,VIBDI,1,1,J3161,J3163,150,,,
43,623,KD,HW,143,VIBDI,2,0,-,-,100,,,
43,623,KD,HW,143,PRUSE,1,0,-,-,150,,,
43,623,KD,HW,143,ROSMU,1,2,J3164,J3165,300,,,
43,623,KD,HW,143,LIGOB,1,3,J3166,J3163,150,,,
43,623,KD,HW,143,LIGOB,2,1,J3169,J3169,250,,,
43,623,KD,HW,143,PRUSE,1,0,-,-,300,,,
43,623,KD,HW,143,LIGOB,2,0,-,-,45,,,
43,623,KD,HW,143,FRAXX,1,1,J3170,J3170,2100,,,
43,623,KD,HW,143,BERTH,1,1,J3171,J3171,80,,,
43,623,PD,AO;KD,145,BERTH,1,0,-,-,700,,,
43,623,PD,AO;KD,145,BERTH,1,0,-,-,450,,,
43,623,PD,AO;KD,145,BERTH,1,0,-,-,1000,,,
43,623,PD,AO;KD,145,BERTH,1,2,J3172,J3173,600,,,
43,623,PD,AO;KD,145,BERTH,1,0,-,-,400,,,
43,623,PD,AO;KD,145,ROSMU,1,1,J3174,J3174,250,,,
43,623,PD,AO;KD,145,LIGOB,1,0,-,-,200,,,
43,623,PD,AO;KD,145,MALXX,1,0,-,-,200,,,
43,623,PD,AO;KD,145,MALXX,2,0,-,-,175,,,
43,623,PD,AO;KD,145,MALXX,3,0,-,-,175,,,
43,623,PD,AO;KD,145,BERTH,1,1,J3175,J3175,200,END OF DAY,,
44,624,ML,PDGM,149,BERTH,1,0,-,-,200,,,
44,624,ML,PDGM,149,RUBXX,1,0,-,-,35,,,
44,624,ML,PDGM,149,RUBXX,1,0,-,-,20,,,
44,624,ML,PDGM,149,BERTH,2,0,-,-,250,,,
44,624,ML,PDGM,149,RUBXX,1,0,-,-,25,,,
44,624,ML,PDGM,149,ROSMU,1,0,-,-,300,,,
44,624,ML,PDGM,149,BERTH,1,0,-,-,200,,,
44,624,ML,PDGM,149,ROSMU,1,0,-,-,190,,,
44,624,ML,PDGM,150,FRAAM,1,0,-,-,65,,,
44,624,ML,PDGM,150,VIBDE,1,3,-,-,175,,,
44,624,ML,PDGM,150,SAMCA,1,1,J3251,J3251,40,,,
44,624,ML,PDGM,150,SAMCA,2,1,J3253,J3253,60,,,
44,624,ML,PDGM,150,VIBDE,2,1,J3252,J3252,200,,,
44,624,ML,PDGM,150,VIBDE,3,1,J3254,J3254,100,,,
44,624,ML,PDGM,150,ROSMU,1,0,-,-,150,,,
44,624,ML,PDGM,150,ROSMU,1,0,-,-,125,,,
45,624,ML,PDGM,147,VIBDI,1,0,-,-,150,DEAD CAT AND EGGS IN WEIRD,,
45,624,ML,PDGM,147,VIBDI,1,0,-,-,75,ONE EGG,,
45,624,ML,PDGM,147,VIBDI,1,0,-,-,100,,,
45,624,ML,PDGM,148,VIBAC,1,0,-,-,25,,,
45,624,ML,PDGM,148,VIBAC,1,1,J3245,J3245,30,,,
45,624,ML,PDGM,148,VIBAC,1,0,-,-,70,,,
45,624,ML,PDGM,148,VIBAC,1,0,-,-,75,,,
45,624,ML,PDGM,148,VIBAC,1,0,-,-,50,,,
45,624,ML,PDGM,148,VIBAC,1,0,-,-,90,,,
45,624,ML,PDGM,148,VIBAC,1,0,-,-,50,,,
45,624,ML,PDGM,148,VIBAC,1,0,-,-,100,,,
45,624,ML,PDGM,148,VIBAC,2,0,-,-,110,,,
45,624,ML,PDGM,148,VIBAC,1,0,-,-,60,,,
45,624,ML,PDGM,148,VIBDI,1,0,-,-,120,,,
45,624,ML,PDGM,148,VIBAC,1,0,-,-,175,,,
45,624,ML,PDGM,148,FRAAM,1,1,J3246,J3246,200,,,
45,624,ML,PDGM,148,VIBAC,1,0,-,-,100,,,
45,624,ML,PDGM,148,CRAXX,1,0,-,-,40,,,
45,624,ML,PDGM,148,CRAXX,1,0,-,-,60,,,
45,624,ML,PDGM,148,ROSMU,1,0,-,-,150,,,
45,624,ML,PDGM,148,ROSMU,1,0,-,-,150,,,
45,624,ML,PDGM,148,BERTH,1,0,-,-,400,,,
45,624,ML,PDGM,148,BERTH,1,1,J3247,J3247,350,,,
45,624,ML,PDGM,148,VIBDI,1,0,-,-,125,,,
45,624,ML,PDGM,148,BERTH,1,0,-,-,400,,,
45,624,ML,PDGM,148,,1,0,-,-,200,,,
45,624,ML,PDGM,148,VIBAC,1,0,-,-,60,,,
45,624,ML,PDGM,148,BERTH,1,0,-,-,200,,,
45,624,ML,PDGM,149,RUBXX,1,0,-,-,25,,,
45,624,ML,PDGM,149,ROSMU,1,0,-,-,150,,,
45,624,ML,PDGM,149,RUBXX,1,0,-,-,35,,,
45,624,ML,PDGM,149,BERTH,1,0,-,-,300,,,
45,624,ML,PDGM,149,ROSMU,1,0,-,-,100,,,
46,624,ML,PDGM,147,VIBDI,1,0,-,-,120,,,
46,624,ML,PDGM,147,VIBDI,1,0,-,-,100,,,
46,624,ML,PDGM,147,VIBDI,2,0,-,-,100,,,
46,624,ML,PDGM,147,VIBDI,1,0,-,-,80,,,
46,624,ML,PDGM,147,VIBDI,1,0,-,-,75,,,
46,624,ML,PDGM,147,VIBDI,1,0,-,-,105,,,
46,624,ML,PDGM,147,BERTH,1,0,-,-,300,,,
46,624,ML,PDGM,147,VIBDI,1,0,-,-,35,,,
46,624,ML,PDGM,147,VIBDI,1,0,-,-,90,,,
46,624,ML,PDGM,147,VIBDI,1,0,-,-,50,,,
46,624,ML,PDGM,147,VIBDI,1,0,-,-,110,,,
46,624,ML,PDGM,147,VIBDI,1,0,-,-,100,,,
46,624,ML,PDGM,147,VIBDI,1,0,-,-,100,,,
46,624,ML,PDGM,147,VIBDI,1,0,-,-,80,,,
46,624,ML,PDGM,147,VIBDI,1,0,-,-,175,,,
46,624,ML,PDGM,147,VIBDI,1,0,-,-,115,,,
46,624,ML,PDGM,147,VIBDI,1,0,-,-,130,,,
46,624,ML,PDGM,147,VIBDI,1,0,-,-,140,,,
46,624,ML,PDGM,147,VIBAC,1,0,-,-,35,,,
46,624,ML,PDGM,147,VIBDI,1,0,-,-,200,,,
46,624,ML,PDGM,147,VIBDI,1,0,-,-,130,,,
46,624,ML,PDGM,147,VIBDI,1,0,-,-,150,,,
46,624,ML,PDGM,147,VIBDI,1,1,J3241,J3241,80,,,
46,624,ML,PDGM,147,VIBDI,1,0,-,-,300,,,
46,624,ML,PDGM,147,VIBDI,1,0,-,-,200,,,
46,624,ML,PDGM,147,VIBDI,1,1,J3242,J3242,80,,,
46,624,ML,PDGM,147,VIBDI,1,0,-,-,300,,,
46,624,ML,PDGM,147,VIBDI,1,2,J3243,J3244,220,,,
46,624,ML,PDGM,147,VIBDI,1,0,-,-,150,,,
46,624,ML,PDGM,147,VIBAC,1,0,-,-,50,,,
46,624,ML,PDGM,147,VIBDI,1,0,-,-,350,,,
46,624,ML,PDGM,147,VIBDI,1,0,-,-,175,,,
46,624,ML,PDGM,147,VIBAC,1,0,-,-,40,,,
47,628,ML,PD HW,153,PRUSE,1,1,J3455,J3455,90,,,
47,628,ML,PD HW,153,VIBAC,1,3,J3365,J3367,70,,,
47,628,ML,PD HW,153,PRUSE,1,0,-,-,20,,,
47,628,ML,PD HW,153,RUBXX,1,1,J3368,J3348,15,,,
47,628,ML,PD HW,153,PRUSE,1,2,J3369,J3370,100,,,
47,628,ML,PD HW,153,RUBXX,1,0,-,-,13,,,
47,628,ML,PD HW,153,RUBXX,1,0,-,-,40,,,
47,628,ML,PD HW,153,RUBXX,1,0,-,-,30,,,
47,628,ML,PD HW,153,AMEXX,1,1,-,-,80,,,
47,628,ML,PD HW,153,AMEXX,1,0,-,-,35,,,
47,628,ML,PD HW,153,AMEXX,1,0,-,-,135,,,
47,628,ML,PD HW,153,PRUSE,1,2,J3371,J3372,50,,,
47,628,ML,PD HW,153,AMEXX,1,0,-,-,50,,,
47,628,ML,PD HW,153,AMEXX,1,0,-,-,65,,,
47,628,ML,PD HW,153,AMEXX,1,1,J3373,J3373,70,,,
47,629,ML,PD ,155,VIBDI,1,2,J3458,J3459,110,,,
47,629,ML,DR GA,155,ROSMU,1,0,-,-,70,,,
47,629,ML,DR GA,155,ROSMU,1,0,-,-,100,,,
47,629,ML,DR GA,155,ROSMU,1,0,-,-,110,,,
47,629,ML,DR GA,155,ROSMU,2,0,-,-,80,,,
47,629,ML,DR GA,155,ROSMU,1,0,-,-,40,,,
47,629,ML,DR GA,155,MALXX,1,2,J3460,J3461,200,,,
47,629,ML,DR GA,155,RUBXX,1,1,J3462,J3462,35,,,
47,629,ML,DR GA,155,PRUSE,1,5,J3463,J3467,105,,,
47,629,ML,DR GA,155,LIGOB,1,0,-,-,80,,,
47,629,ML,DR GA,155,PRUSE,2,6,J3468,J3473,150,,,
47,629,ML,DR GA,155,AMEXX,1,0,-,-,130,,,
47,629,ML,DR GA,155,MALXX,1,3,J3474,J3476,150,,,
47,629,ML,DR GA,155,PRUSE,3,5,J3477,J3481,135,,,
47,629,ML,DR GA,155,MALXX,1,0,-,-,120,,,
47,629,ML,DR GA,155,MALXX,2,1,J3482,J3482,130,,,
47,629,ML,DR GA,155,AMEXX,1,2,J3483,J3484,90,,,
47,629,ML,DR GA,155,ROSMU,1,2,J3485,J3486,40,,,
48,628,ML,PDHW,153,CRAXX,1,0,-,-,120,,,
48,628,ML,PDHW,153,MALXX,1,0,-,-,80,,,
48,628,ML,PDHW,153,EUOAL,1,0,-,-,80,,,
48,628,ML,PDHW,153,PRUSE,1,0,-,-,30,,,
48,628,ML,PDHW,153,VIBAC,1,0,-,-,32,,,
48,628,ML,PDHW,153,VIBAC,1,1,J3438,J3438,60,,,
48,628,ML,PDHW,153,VIBAC,1,1,J3439,J3439,100,,,
48,628,ML,PDHW,153,VIBAC,1,0,-,-,28,,,
48,628,ML,PDHW,153,VIBAC,1,0,J3440,J3440,20,,,
48,628,ML,PDHW,153,VIBAC,1,2,J3441,J3442,86,,,
48,628,ML,PDHW,153,VIBAC,1,0,J3443,J3443,28,,,
48,628,ML,PDHW,153,AMEXX,1,0,-,-,120,,,
48,628,ML,PDHW,153,AMEXX,1,0,-,-,200,,,
48,628,ML,PDHW,153,VIBAC,1,0,-,-,120,,,
48,628,ML,PDHW,153,VIBAC,1,0,-,-,60,,,
48,628,ML,PDHW,153,VIBAC,1,0,-,-,95,,,
48,628,ML,PDHW,153,PRUSE,1,1,J3444,J3444,50,,,
48,628,ML,PDHW,153,VIBDE,1,0,-,-,40,,,
48,628,ML,PDHW,153,AMEXX,1,1,J3445,J3445,125,,,
48,628,ML,PDHW,153,RUBXX,1,0,-,-,10,,,
48,628,ML,PDHW,153,PRUSE,1,0,-,-,60,,,
48,628,ML,PDHW,153,PRUSE,1,0,-,-,61,,,
48,628,ML,PDHW,153,FRAAM,1,0,-,-,14,,,
48,628,ML,PDHW,153,AMEXX,1,1,J3446,J3446,150,,,
48,628,ML,PDHW,153,CRAXX,1,1,J3447,J3447,170,,,
48,628,ML,PDHW,153,AMEXX,1,0,-,-,39,,,
48,628,ML,PDHW,153,VIBAC,1,1,J3448,J3448,35,,,
48,628,ML,PDHW,153,VIBAC,1,0,-,-,70,,,
48,628,ML,PDHW,153,AMEXX,1,3,J3449,J3451,65,,,
48,628,ML,PDHW,153,VIBAC,1,0,-,-,100,,,
48,628,ML,PDHW,153,VIBAC,1,0,-,-,60,,,
48,628,ML,PDHW,153,PRUSE,1,1,J3452,J3453,50,,,
48,628,ML,PDHW,153,VIBAC,1,1,J3454,J3454,75,,,
49,628,ML,PDHW,152,LONMO,1,0,-,-,50,,,
49,628,ML,PDHW,152,LONMO,1,0,-,-,75,,,
49,628,ML,PDHW,152,LONMO,1,0,-,-,90,,,
49,628,ML,PDHW,152,LONMO,1,0,-,-,75,,,
49,628,ML,PDHW,152,LONMO,1,0,-,-,75,,,
49,628,ML,PDHW,152,LONMO,1,1,J3427,J3427,160,,,
49,628,ML,PDHW,152,LONMO,1,0,-,-,150,,,
49,628,ML,PDHW,152,LONMO,1,1,J3428,J3428,65,,,
49,628,ML,PDHW,152,SAMCA,1,0,-,-,30,,,
49,628,ML,PDHW,152,LONMO,1,0,-,-,175,,,
49,628,ML,PDHW,152,LONMO,1,0,-,-,160,,,
49,628,ML,PDHW,152,LONMO,1,1,J3429,J3429,120,,,
49,628,ML,PDHW,152,LONMO,1,0,-,-,70,,,
49,628,ML,PDHW,152,LONMO,1,0,-,-,90,,,
49,628,ML,PDHW,152,LONMO,1,1,J3430,J3430,115,,,
49,628,ML,PDHW,152,LONMO,1,2,J3431,J3432,175,,,
49,628,ML,PDHW,152,VIBDE,1,0,-,-,85,,,
49,628,ML,PDHW,152,VIBDE,2,0,-,-,65,,,
49,628,ML,PDHW,152,LONMO,1,2,J3433,J3434,225,,,
49,628,ML,PDHW,153,VIBAC,1,0,-,-,50,,,
49,628,ML,PDHW,153,VIBAC,1,1,J3435,J3435,80,,,
49,628,ML,PDHW,153,VIBAC,1,0,-,-,75,,,
49,628,ML,PDHW,153,VIBAC,1,0,-,-,30,,,
49,628,ML,PDHW,153,VIBAC,1,1,J3436,J3436,25,,,
49,628,ML,PDHW,153,AMEXX,1,0,-,-,50,,,
49,628,ML,PDHW,153,VIBAC,1,0,-,-,50,,,
49,628,ML,PDHW,153,MALXX,1,0,-,-,125,,,
49,628,ML,PDHW,153,MALXX,1,1,J3437,J3437,100,,,
49,628,ML,PDHW,153,VIBAC,1,0,-,-,35,,,
49,628,ML,PDHW,153,VIBAC,1,0,-,-,50,,,
49,628,ML,PDHW,153,VIBAC,1,0,-,-,42,,,
49,628,ML,PDHW,153,FRAAM,1,0,-,-,6,,,
49,628,ML,PDHW,153,VIBAC,1,0,-,-,80,,,
50,629,PD,DR,154,ROSMU,1,1,J3487,J3487,50,,,
50,629,PD,DR,154,MALXX,1,3,J3551,J3553,130,,,
50,629,PD,DR,154,ROSMU,1,0,-,-,45,,,
50,629,PD,DR,154,BERTH,1,0,-,-,300,,,
50,629,PD,DR,154,BERTH,1,1,J3554,J3554,800,,,
50,629,PD,DR,154,BERTH,1,0,-,-,150,,,
50,629,PD,DR,154,ROSMU,1,0,-,-,60,,,
50,629,PD,DR,154,EUOAL,1,0,-,-,50,,,
50,629,PD,DR,154,ROSMU,1,4,J3555,J3558,50,,,
50,629,PD,DR,154,ROSMU,1,0,-,-,120,,,
50,629,PD,DR,154,ROSMU,1,1,J3559,J3559,100,,,
50,629,PD,DR,154,ROSMU,1,0,-,-,90,,,
50,629,PD,DR,154,ROSMU,1,0,-,-,35,,,
50,629,PD,DR,154,ROSMU,1,,-,-,60,,,
50,629,PD,DR,154,AMEXX,1,1,J3560,J3560,175,,,
50,629,PD,DR;GA,155,LIGOB,1,0,-,-,75,,,
50,629,PD,DR;GA,155,ROSMU,1,0,-,-,125,,,
50,629,PD,DR;GA,155,LIGOB,1,0,-,-,50,,,
50,629,PD,DR;GA,155,ROSMU,1,0,-,-,30,,,
50,629,PD,DR;GA,155,LIGOB,1,0,-,-,170,,,
50,629,PD,DR;GA,155,BERTH,1,1,J3561,J3561,300,,,
50,629,PD,DR;GA,155,ROSMU,1,0,-,-,90,,,
50,629,PD,DR;GA,155,MALXX,1,0,-,-,80,,,
50,629,PD,DR;GA,155,LIGOB,1,0,-,-,60,,,
50,629,PD,DR;GA,155,ROSMU,1,0,-,-,475,,,
50,629,PD,DR;GA,155,MALXX,1,0,-,-,50,,,
50,629,PD,DR;GA,155,ROSMU,1,0,-,-,50,,,
51,630,ML,HW,156,FRAAM,1,1,J3582,J3582,7,,,
51,630,ML,HW,156,VIBAC,1,0,-,-,80,,,
51,630,ML,HW,156,VIBAC,1,0,-,-,65,,,
51,630,ML,HW,156,BERTH,1,0,-,-,550,,,
51,630,ML,HW,156,ROSMU,1,0,-,-,60,,,
51,630,ML,HW,156,BERTH,1,0,-,-,300,,,
51,630,ML,HW,156,ROSMU,1,0,-,-,75,,,
51,630,ML,HW,156,ROSMU,1,0,-,-,150,,,
51,630,ML,HW,156,VIBAC,1,0,-,-,90,,,
51,630,ML,HW,156,AMEXX,1,0,-,-,35,,,
51,630,ML,HW,156,FRAAM,1,0,-,-,11,,,
51,630,ML,HW,156,PRUSE,1,0,-,-,60,,,
51,630,ML,HW,156,LONMO,1,0,-,-,45,,,
51,630,ML,HW,156,SAMCA,1,1,J3583,J3583,32,,,
51,630,ML,HW,157,LIGOB,1,0,-,-,90,,,
51,630,ML,HW,157,AMEXX,1,0,-,-,100,,,
51,630,ML,HW,157,FRAAM,1,0,-,-,28,,,
51,630,ML,HW,157,ROSMU,1,0,-,-,60,,,
51,630,ML,HW,157,VIBAC,1,1,J3584,J3584,37,,,
51,630,ML,HW,157,BERTH,1,1,J3585,J3585,350,,,
51,630,ML,HW,157,BERTH,2,0,-,-,300,,,
51,630,ML,HW,157,AMEXX,1,0,J3586,J3586,50,,,
51,630,ML,HW,157,ROSMU,1,0,-,-,120,,,
51,630,ML,HW,157,AMEXX,1,0,-,-,51,,,
51,630,ML,HW,157,ROSMU,1,0,-,-,35,,,
51,630,ML,HW,157,AMEXX,1,0,-,-,30,,,
51,630,ML,HW,157,ROSMU,1,0,-,-,125,,,
51,630,ML,HW,157,LONMO,1,0,-,-,35,,,
51,630,ML,HW,157,VIBAC,1,0,-,-,30,,,
51,630,ML,HW,157,VIBAC,1,0,-,-,25,,,
51,630,ML,HW,157,BERTH,1,2,J3587,J3588,275,,,
51,630,ML,HWPD,158,VIBAC,1,0,-,-,40,,,
51,630,ML,HWPD,158,VIBAC,1,1,J3589,J3589,40,,,
52,630,ML,ML,159,VIBSI,1,0,-,-,100,,,
52,630,ML,ML,159,ROSMU,1,0,-,-,175,,,
52,630,RP,PD KD,159,VIBSI,1,1,J3604,K3604,150,,,
52,630,RP,PD KD,159,VIBSI,1,2,J3605,K3606,120,,,
52,630,ML,ML,159,VIBSI,1,0,-,-,120,,,
52,630,ML,ML,159,VIBDI,1,0,-,-,300,,,
52,630,RP,PD/KD,159,ROSMU,1,1,J3607,K3607,200,,,
52,630,ML,ML,159,BERTH,1,2,J3608,K3609,600,,,
52,630,RP,PD/KD,159,VIBSI,1,0,-,-,80,,,
52,630,ML,ML,,VIBSI,1,0,-,-,100,,,
52,630,ML,ML,,VIBSI,1,0,-,-,100,,,
52,701,PD,ML,201,FRAAM,1,0,-,-,35,SUN A,,
52,701,PD,ML,201,FRAAM,2,1,K4001,K4001,100,SUN ,,
52,701,PD,ML,201,ROSMU,1,0,-,-,150,A,,
52,701,PD,ML,201,ROSMU,2,0,-,-,220,A,,
52,701,PD,ML;DR,201,FRAAM,1,0,-,-,40,SUN,,
52,701,PD,ML;DR,201,FRAAM,2,0,-,-,120,SUN A,,
52,701,PD,ML;DR,201,FRAAM,3,0,-,-,30,SUN,,
52,701,PD,ML;DR,201,FRAAM,1,0,-,-,60,SUN,,
52,701,PD,ML;DR,201,MALXX,1,0,-,-,60,,,
52,701,PD,ML;DR,201,FRAAM,1,0,-,-,45,,,
52,701,PD,ML;DR,201,FRAAM,2,0,-,-,34,,,
52,701,PD,ML;DR,201,MALXX,2,0,-,-,120,A,,
52,701,PD,ML;DR,201,FRAAM,1,2,K4002,K4003,75,SNAP,,
52,701,PD,ML;DR,201,FRAAM,1,0,-,-,40,,,
52,701,PD,ML;DR,201,FRAAM,1,0,-,-,65,A,,
52,701,PD,ML;DR,201,FRAAM,2,1,K4004,K4004,100,A,,
52,701,PD,ML;DR,201,FRAAM,3,1,K4005,K4005,60,A,,
52,701,PD,ML;DR,201,FRAAM,4,0,-,-,120,A,,
52,701,PD,ML;DR,201,RUBXX,1,0,-,-,7,,,
52,701,PD,ML;DR,201,FRAAM,1,1,K4006,K4006,175,A,,
52,701,PD,ML;DR,201,FRAAM,2,1,K4007,K4007,90,,,
52,701,PD,ML;DR,201,FRAAM,1,0,-,-,31,,,
53,630,ML,HWPD,158,VIBAC,1,0,-,-,60,,,
53,630,ML,HWPD,158,VIBAC,1,0,-,-,25,,,
53,630,ML,HWPD,158,LONMO,1,3,J3590,J3592,290,,,
53,630,ML,HWPD,158,LONMO,2,2,J3593,J3594,100,,,
53,630,ML,HWPD,158,VIBAC,1,1,J3595,J3595,75,,,
53,630,ML,HWPD,158,VIBAC,1,0,-,-,50,,,
53,630,ML,HWPD,158,LONMO,3,5,J3596,J3600,200,,,
53,630,ML,HWPD,158,AMEXX,1,0,-,-,80,,,
53,630,ML,HWPD,158,ROSMU,1,1,J3601,J3601,40,,,
53,630,ML,HWPD,158,FRAAM,1,0,-,-,9,,,
53,630,ML,HWPD,158,ROSMU,1,0,-,-,30,,,
53,630,ML,HWPD,158,AMEXX,1,0,-,-,40,,,
53,630,ML,HWPD,158,ROSMU,1,0,,--,100,,,
53,630,ML,HWPD,158,ROSMU,2,0,-,-,115,,,
53,630,ML,HWPD,158,ROSMU,1,0,-,-,55,,,
53,630,ML,HWPD,158,VIBDE,1,0,-,-,70,,,
53,630,ML,HWPD,158,AMEXX,1,0,-,-,90,,,
53,630,ML,HWPD,158,AMEXX,1,0,-,-,16,,,
53,630,ML,HWPD,158,AMEXX,1,0,-,-,150,,,
53,630,ML,HWPD,158,FRAAM,1,0,-,-,25,,,
53,630,ML,HWPD,158,VIBAC,1,0,-,-,90,,,
53,630,ML,HWPD,158,VIBAC,1,0,-,-,30,,,
53,630,ML,HWPD,158,AMEXX,1,0,-,-,45,,,
53,630,ML,HWPD,158,VIBAC,1,0,-,-,25,,,
53,630,ML,HWPD,158,VIBAC,1,0,-,-,35,,,
53,630,ML,HWPD,158,VIBAC,1,0,-,-,80,,,
53,630,ML,HWPD,158,VIBAC,1,0,-,-,50,,,
53,630,ML,HWPD,158,BERTH,1,0,-,-,300,,,
53,630,PD,RP; KD,159,BERTH,1,1,J3602,J3602,500,,,
53,630,RP,DD/KD,159,BERTH,1,0,-,-,1000,,,
53,630,ML,ML,159,VIBSI,1,0,-,-,80,,,
53,630,ML,ML,159,VIBSI,1,0,-,-,100,,,
53,630,ML,ML,159,VIBSI,1,1,J3603,J3603,175,,,
54,630,HW,DR,159,BERTH,1,1,J3055,J3055,40,,,
54,630,HW,DR,159,BERTH,1,1,J3056,J3056,200,,,
54,630,HW,DR,159,BERTH,1,2,J3057,J3508,700,,,
54,630,HW,DR,159,BERTH,1,0,,,275,,,
54,630,HW,DR,159,BERTH,1,0,,,190,,,
54,630,HW,DR,159,VIBSI,1,0,,,60,,,
54,630,HW,DR,159,VIBSI,2,2,J359,J360,200,,,
54,702,RP,PD,203,BERTH,1,1,K4063,K4063,300,A,,
54,702,RP,PD,203,BERTH,1,0,,,600,,,
54,702,RP,PD,203,LIGOB,1,0,,,200,A,,
54,702,RP,PD,203,LIGOB,1,0,,,80,A,,
54,702,RP,PD,203,VIBSI,1,1,K4064,K4064,90,,,
54,702,RP,PD,203,BERTH,1,0,,,200,A,,
54,702,RP,PD,203,BERTH,1,0,,,400,A,,
54,702,RP,PD,203,BERTH,1,0,,,500,A,,
54,702,RP,PD,203,BERTH,1,0,,,300,,,
54,702,RP,PD,203,BERTH,1,0,,,300,A,,
54,702,RP,PD,203,BERTH,1,0,,,300,A,,
54,702,RP,PD,203,BERTH,1,0,,,400,A,,
54,702,RP,PD,203,EUOAL,1,0,,,75,A,,
54,702,RP,PD,203,BERTH,1,0,,,500,A,,
54,702,RP,PD,203,BERTH,2,0,,,500,,,
54,702,RP,PD,203,BERTH,1,0,,,500,,,
54,702,RP,PD,203,ROSMU,1,0,,,50,,,
54,702,RP,PD,203,BERTH,1,0,,,100,,,
54,702,RP,PD,203,ROSMU,1,0,,,70,A,,
54,702,RP,PD,203,VIBDI,1,0,,,40,,,
54,702,RP,PD,203,BERTH,1,0,K4065,K4065,500,,,
54,702,RP,PD,203,FRAAM,1,1,,,8,,,
54,702,RP,PD,203,BERTH,1,0,,,150,,,
54,702,RP,PD,203,VIBDI,1,0,,,40,A,,
54,702,RP,PD,203,MALXX,1,0,,,70,,,
54,702,RP,PD,203,MALXX,2,1,K4069,,175,K4066-K4068 ARE ON PAGE 11,,
55,701,PD,DR; ML,202,PRUSE,1,0,-,-,75,,,
55,701,PD,DR; ML,202,PRUSE,2,1,K4025,K4025,90,,,
55,701,PD,DR; ML,202,LIGOB,1,1,K4026,K4026,60,,,
55,701,PD,DR; ML,202,LIGOB,2,0,-,-,100,,,
55,701,PD,DR; ML,202,LIGOB,3,0,-,-,150,,,
55,701,PD,DR; ML,202,VIBDI,1,1,K4027,K4027,60,,,
55,701,PD,DR; ML,202,VIBDI,1,1,K4028,K4028,80,,,
55,701,PD,DR; ML,202,RUBXX,1,1,K4029,K4029,40,,,
55,701,PD,DR; ML,202,RUBXX,1,0,-,-,30,,,
55,701,PD,DR; ML,202,LIGOB,1,0,-,-,90,,,
55,701,PD,DR; ML,202,PRUSE,1,0,-,-,70,,,
55,701,PD,DR; ML,202,RUBXX,1,0,-,-,40,,,
55,701,PD,DR; ML,202,LIGOB,1,0,-,-,200,,,
55,701,PD,DR; ML,202,LIGOB,1,0,-,-,170,,,
55,701,PD,DR; ML,202,LIGOB,1,1,K4030,K4030,600,,,
55,701,PD,DR; ML,202,ROSMU,1,1,K4031,K4031,70,,,
56,701,PD,DR;ML,201,FRAAM,4,2,K4008,K4009,140,,,
56,701,PD,DR;ML,201,PRUSE,1,0,-,-,65,,,
56,701,PD,DR;ML,201,FRAAM,1,0,-,-,60,A,,
56,701,PD,DR;ML,201,FRAAM,2,1,K4010,K4010,40,,,
56,701,PD,DR;ML,201,PRUSE,2,1,K4011,K4011,90,,,
56,701,PD,DR;ML,201,PRUSE,3,0,-,-,70,,,
56,701,PD,DR;ML,201,PRUSE,4,1,K4012,K4012,90,,,
56,701,PD,DR;ML,201,ROSMU,1,2,K4013,K4014,200,,,
56,701,PD,DR;ML,201,ROSMU,1,0,-,-,50,,,
56,701,PD,DR;ML,201,ROSMU,1,1,K4015,K4015,190,,,
56,701,PD,DR;ML,201,PRUSE,1,0,-,-,75,,,
56,701,PD,DR;ML,201,EUOAL,1,1,K4016,K4016,100,A,,
56,701,PD,DR;ML,201,PRUSE,2,0,-,-,60,,,
56,701,PD,DR;ML,201,PRUSE,1,1,K4017,K4017,90,,,
56,701,PD,DR;ML,201,MALXX,1,0,-,-,50,,,
56,701,PD,DR;ML,201,FRAAM,1,0,-,-,28,,,
56,701,PD,DR;ML,201,ROSMU,1,0,-,-,200,,,
56,701,PD,DR;ML,201,ROSMU,2,0,-,-,170,,,
56,701,PD,DR;ML,201,MALXX,1,0,-,-,60,,,
56,701,PD,DR;ML,201,BERTH,1,0,-,-,500,A,,
56,701,PD,DR;ML,201,ROSMU,1,0,-,-,15,,,
56,701,PD,DR;ML,201,RUBPH,1,0,-,-,21,,,
56,701,PD,DR;ML,201,ROSMU,1,0,-,-,350,,,
56,701,PD,DR;ML,201,ROSMU,2,2,K4018,K4019,200,,,
56,701,PD,DR;ML,201,FRAAM,1,1,K4020,K4020,50,A,,
56,701,PD,DR;ML,201,FRAAM,2,0,-,-,35,,,
56,701,PD,DR;ML,201,RUBXX,1,1,K4021,K4021,25,A,,
56,701,PD,DR;ML,201,FRAAM,3,1,K4022,K4022,90,,,
56,701,PD,DR;ML,201,FRAAM,4,1,K4023,K4023,80,,,
56,701,PD,DR;ML,201,FRAAM,5,0,-,-,50,,,
56,701,PD,DR;ML,201,MALXX,1,0,-,-,220,,,
56,701,PD,DR;ML,201,MALXX,1,1,K4024,K4024,400,,,
57,702,DR,KD,203,MALXX,1,0,-,-,70,,,
57,702,DR,KD,203,MALXX,2,0,-,-,200,A,,
57,702,DR,KD,203,MALXX,3,0,-,-,100,A,,
57,702,DR,KD,203,BERTH,1,0,-,-,1000,A,,
57,702,DR,KD,203,BERTH,1,0,-,-,300,,,
57,702,DR,KD,203,FRAAM,1,0,-,-,25,,,
57,702,DR,KD,203,FRAAM,2,0,-,-,25,,,
57,702,DR,KD,203,PRUSE,1,4,K4094,K4097,130,,,
57,702,DR,KD,203,BERTH,1,0,-,-,800,A,,
57,702,DR,KD,203,PRUSE,2,2,K4098,K4099,110,,,
57,702,DR,KD,203,BERTH,1,0,-,-,400,A,,
57,702,DR,KD,203,VIBDI,1,1,K4100,K4100,190,A,,
57,702,DR,KD,203,BERTH,1,0,-,-,500,A,,
57,702,DR,KD,203,VIBDI,1,0,-,-,110,,,
57,702,DR,KD,203,EUOAL,1,0,-,-,30,,,
57,702,DR,KD,203,BERTH,1,0,-,-,800,A,,
57,702,DR,KD,203,MALXX,1,0,-,-,150,A,,
57,702,DR,KD,203,BERTH,1,0,-,-,400,A,,
57,702,DR,KD,203,MALXX,1,0,-,-,95,A,,
57,702,DR,KD,203,MALXX,2,2,K4101,K4102,130,A,,
57,702,DR,KD,203,MALXX,1,1,K4103,K4103,85,,,
57,702,DR,KD,203,EUOAL,1,1,K4104,K4104,250,A,,
57,702,DR,KD,203,VIBDI,1,0,-,-,100,,,
57,702,DR,KD,203,RUBXX,1,0,-,-,15,,,
57,702,DR,KD,203,VIBDI,1,0,-,-,50,,,
57,702,DR,KD,203,VIBPL,1,0,-,-,30,,,
57,702,DR,KD,203,MALXX,1,0,-,-,60,,,
57,702,DR,KD,203,MALXX,2,0,-,-,80,,,
57,702,DR,KD,203,VIBDI,1,0,-,-,120,,,
57,702,DR,KD,203,ROSMU,1,0,-,-,50,,,
57,702,DR,KD,203,ROSMU,1,1,K4105,K4105,150,,,
57,702,DR,KD,203,ROSMU,1,1,K4106,K4106,100,A,,
57,702,DR,KD,203,ROSMU,1,0,-,-,100,,,
58,702,RP,ML; HW,203,MALXX,1,3,K4066,K4068,150,,,
58,702,RP,ML; HW,203,MALXX,3,0,-,-,225,A,,
58,702,RP,ML; HW,203,MALXX,1,4,K4070,K4073,220,A,,
58,702,RP,ML; HW,203,ROSMU,1,2,K4074,K4075,150,,,
58,702,RP,ML; HW,203,ROSMU,1,0,-,-,50,A,,
58,702,RP,ML; HW,203,ROSMU,1,0,-,-,60,,,
58,702,RP,ML; HW,203,MALXX,1,2,K4076,K4077,100,,,
58,702,RP,ML; HW,203,VIBDI,1,0,-,-,200,A,,
58,702,RP,ML; HW,203,MALXX,2,0,-,-,75,,,
58,702,RP,ML; HW,203,PRUSE,1,1,K4078,K4078,70,,,
58,702,RP,ML; HW,203,ROSMU,1,1,K4079,K4079,75,A,,
58,702,RP,ML; HW,203,ROSMU,1,0,-,-,75,,,
58,702,RP,ML; HW,203,ROSMU,1,1,K4080,K4080,150,,,
58,702,RP,ML; HW,203,ROSMU,1,1,K4081,K4081,50,,,
58,702,RP,ML; HW,203,ROSMU,1,0,-,-,50,,,
58,702,RP,ML; HW,203,FRAAM,1,1,K4082,K4082,25,,,
58,702,RP,ML; HW,203,ROSMU,1,0,-,-,70,A,,
58,702,RP,ML; HW,203,ROSMU,1,1,K4085,K4085,100,,,
58,702,RP,ML; HW,203,ROSMU,1,0,-,-,70,,,
58,702,RP,ML; HW,203,ROSMU,1,2,K4083,K4084,180,A,,
58,702,RP,ML; HW,203,ROSMU,1,1,K4085,K4085,150,,,
58,702,RP,ML; HW,203,ROSMU,1,0,-,-,150,,,
58,705,ML,ML,205,ROSMU,1,0,-,-,150,,,
58,705,ML,ML,205,MALXX,1,1,K4141,K4141,120,FULL SIZED APPLES,,
58,705,ML,ML,205,ROSMU,1,0,-,-,100,,,
58,705,ML,ML,205,ROSMU,1,6,K4135,K4140,150,A; 5 THINGS THAT MAY BE CATS? SEE VIALS,,
59,702,DR,KD,203,ROSMU,1,0,-,-,80,,,
59,702,DR,KD,203,ROSMU,1,0,-,-,50,A,,
59,705,ML,ML,204,ROSMU,1,2,K4125,K4126,200,A,,
59,705,ML,ML,204,ROSMU,2,0,-,-,80,A,,
59,705,ML,ML,204,ROSMU,3,0,-,-,115,,,
59,705,ML,ML,204,PRUSE,1,0,-,-,100,,,
59,705,ML,ML,204,PRUSE,2,0,-,-,130,,,
59,705,ML,ML,204,PRUSE,1,0,-,-,85,,,
59,705,ML,ML,204,PRUSE,2,0,-,-,100,,,
59,705,ML,ML,204,LONMO,1,0,-,-,85,A; EGGS,,
59,705,ML,ML,204,LONMO,2,1,K4127,K4127,175,A; EGGS,,
59,705,ML,ML,204,LONMO,3,1,K4128,K4128,160,,,
59,705,ML,ML,204,PRUSE,1,0,-,-,150,A,,
59,705,ML,ML,204,ROSMU,1,0,-,-,90,A,,
59,705,ML,ML,204,PRUSE,1,0,-,-,60,A,,
59,705,ML,ML,204,FRAAM,1,0,-,-,50,A,,
59,705,ML,ML,204,FRAAM,2,0,-,-,80,A,,
59,705,ML,ML,204,FRAAM,3,0,-,-,60,A,,
59,705,ML,ML,204,FRAAM,4,0,-,-,95,,,
59,705,ML,ML,204,LONMO,1,0,-,-,80,,,
59,705,ML,ML,204,ROSMU,1,1,K4129,K4129,250,,,
59,705,ML,ML,205,ROSMU,1,1,K4130,K4130,200,,,
59,705,ML,ML,205,FRAAM,1,0,-,-,40,,,
59,705,ML,ML,205,FRAAM,2,0,-,-,50,,,
59,705,ML,ML,205,VIBPL,1,0,-,-,120,,,
59,705,ML,ML,205,VIBPL,1,0,-,-,150,,,
59,705,ML,ML,205,VIBPL,1,0,-,-,200,,,
59,705,ML,ML,205,ROSMU,1,0,-,-,35,,,
59,705,ML,ML,205,ROSMU,1,2,K4131,K4132,103,,,
59,705,ML,ML,205,ROSMU,1,0,-,-,120,,,
59,705,ML,ML,205,ROSMU,1,1,K4133,K4133,200,,,
59,705,ML,ML,205,ROSMU,1,1,K4134,K4134,115,,,
59,705,ML,ML,205,BERTH,1,0,-,-,800,A,,
60,706,PD,DR; ML; HW,207,MALXX,1,0,-,-,70,,,
60,706,PD,DR; ML; HW,207,FRAAM,1,0,-,-,30,,,
60,706,PD,DR; ML; HW,207,BERTH,1,0,-,-,700,A,,
60,706,PD,DR; ML; HW,207,BERTH,2,0,-,-,1200,,,
60,706,PD,DR; ML; HW,207,MALXX,1,3,K4238,K4240,175,,,
60,706,PD,DR; ML; HW,207,BERTH,1,1,K4241,K4241,750,,,
60,706,PD,DR; ML; HW,207,LIGOB,1,0,-,-,80,,,
60,706,PD,DR; ML; HW,207,PRUSE,1,3,K4242,K4243,75,,,
60,706,PD,DR; ML; HW,207,FRAAM,1,1,K4244,K4244,40,A,,
60,706,PD,DR; ML; HW,207,BERTH,1,1,K4245,K4245,550,A,,
60,706,PD,DR; ML; HW,207,LONMO,1,0,-,-,45,,,
60,706,PD,DR; ML; HW,207,ROSMU,1,0,-,-,50,,,
60,706,PD,DR; ML; HW,207,ROSMU,1,0,-,-,80,A,,
60,706,PD,DR; ML; HW,207,FRAAM,1,1,K4246,K4246,20,,,
60,706,PD,DR; ML; HW,207,LIGOB,1,0,-,-,60,,,
60,706,PD,DR; ML; HW,207,ROSMU,1,0,-,-,70,A,,
60,706,PD,DR; ML; HW,207,PRUSE,1,2,K4247,K4248,70,,,
60,706,PD,DR; ML; HW,207,ROSMU,1,0,-,-,210,A,,
60,706,PD,DR; ML; HW,207,ROSMU,1,0,-,-,100,A,,
60,706,PD,DR; ML; HW,207,ROSMU,1,1,K4034,K4034,120,,,
60,706,PD,DR; ML; HW,207,LIGOB,,0,-,-,130,,,
60,706,PD,DR; ML; HW,207,ROSMU,1,0,-,-,250,A,,
60,706,PD,DR; ML; HW,207,ROSMU,1,1,K4035,K4035,60,A,,
60,706,PD,DR; ML; HW,207,ROSMU,1,0,-,-,120,A,,
60,706,PD,DR; ML; HW,207,LIGOB,1,1,K4036,K4036,80,,,
60,706,PD,DR; ML; HW,207,ROSMU,2,0,-,-,50,A,,
60,706,PD,DR; ML; HW,207,MALXX,1,0,-,-,135,,,
60,706,PD,DR; ML; HW,207,MALXX,1,0,-,-,90,A,,
60,706,PD,DR; ML; HW,207,ROSMU,1,0,-,-,100,A,,
60,706,PD,DR; ML; HW,207,ROSMU,2,2,K4037,K4038,150,,,
60,706,PD,DR; ML; HW,207,RUBXX,1,0,-,-,20,,,
60,706,PD,DR; ML; HW,207,RUBXX,1,2,K4039,K4040,30,,,
60,706,PD,DR; ML; HW,207,RUBXX,1,0,-,-,60,END OF TRAN,,
61,706,ML,PD,206,FRAAM,1,0,-,-,41,A,,
61,706,ML,PD,206,FRAAM,1,0,-,-,11,,,
61,706,ML,PD,206,PRUSE,1,0,-,-,100,,,
61,706,ML,PD,206,PRUSE,2,0,-,-,75,,,
61,706,ML,PD,206,FRAAM,1,1,K4218,K4218,28,,,
61,706,ML,PD,206,MALXX,1,1,K4219,K4219,275,A,,
61,706,ML,PD,206,PRUSE,1,0,-,-,100,,,
61,706,ML,PD,206,PRUSE,1,0,-,-,120,,,
61,706,ML,PD,206,FRAAM,1,0,-,-,11,A,,
61,706,ML,PD,206,MALXX,1,0,-,-,100,,,
61,706,ML,PD,206,MALXX,2,1,K4220,K4220,150,A,,
61,706,ML,PD,206,BERTH,1,1,K4228,K4228,500,A,,
61,706,ML,PD,206,BERTH,1,0,-,-,400,,,
61,706,ML,PD,206,MALXX,1,4,K4221,K4224,125,,,
61,706,ML,PD,206,MALXX,1,3,K4225,K4227,175,,,
61,706,ML,PD,206,MALXX,1,3,K4229,K4231,250,A,,
61,706,ML,PD,206,MALXX,2,1,K4232,K4232,175,A,,
61,706,ML,PD,206,MALXX,1,0,-,-,150,,,
61,706,ML,PD,206,MALXX,1,1,K4233,K4233,200,A,,
61,706,ML,PD,206,FRAAM,1,0,-,-,18,,,
61,706,ML,PD,206,VIBAC,1,0,-,-,50,,,
61,706,PD,ML HW DR,207,ROSMU,1,0,-,-,80,A,,
61,706,PD,ML HW DR,207,LONMO,1,1,K4234,K4234,175,,,
61,706,PD,ML HW DR,207,VIBLE,1,1,K4235,K4235,150,A,,
61,706,PD,ML HW DR,207,MALXX,1,1,K4236,K4236,120,A,,
61,706,PD,ML HW DR,207,VIBLE,2,1,K4237,K4237,150,,,
61,706,PD,ML HW DR,207,LONMO,2,0,-,-,110,A,,
61,706,PD,ML HW DR,207,VIBLE,3,1,K4238,K4238,200,A,,
61,706,PD,ML HW DR,207,ROSMU,1,0,-,-,120,A,,
61,706,PD,ML HW DR,207,LONMO,1,0,-,-,100,,,
61,706,PD,ML HW DR,207,LIGOB,1,0,-,-,150,,,
61,706,PD,ML HW DR,207,LIGOB,2,0,-,-,300,,,
61,706,PD,ML HW DR,207,LONMO,2,0,-,-,45,,,
62,707,ML,GM,208,BERTH,1,0,-,-,500,,,
62,707,ML,GM,208,BERTH,1,1,K4156,K4156,500,,,
62,707,ML,GM,208,BERTH,1,2,K4157,K4158,500,,,
62,707,ML,GM,208,BERTH,1,0,-,-,1200,A,,
62,707,ML,GM,208,BERTH,1,0,-,-,600,,,
62,707,ML,GM,208,ROSMU,1,0,-,-,90,,,
62,707,ML,GM,208,BERTH,1,0,-,-,400,,,
62,707,ML,GM,208,VIBAC,1,0,-,-,100,,,
62,707,ML,GM,208,VIBAC,1,0,-,-,80,,,
62,707,ML,GM,208,VIBAC,1,0,-,-,75,,,
62,707,ML,GM,208,VIBAC,1,1,K4159,K4159,80,,,
62,707,ML,GM,208,VIBAC,1,0,-,-,50,,,
62,707,ML,GM,208,VIBAC,1,0,-,-,80,,,
62,707,ML,GM,208,VIBDI,1,0,-,-,250,A,,
62,707,ML,GM,209,ROSMU,1,0,-,-,200,,,
62,707,ML,GM,209,ROSMU,2,0,-,-,100,,,
62,707,ML,GM,209,ROSMU,1,0,-,-,300,,,
62,707,ML,GM,209,ROSMU,1,0,-,-,190,,,
62,707,ML,GM,209,ROSMU,1,1,K4160,K4160,150,,,
62,707,ML,GM,209,MALXX,1,1,K4161,K4161,300,,,
62,707,ML,GM,209,MALXX,2,0,-,-,50,,,
62,707,ML,GM,209,VIBDI,1,0,-,-,200,,,
62,707,ML,GM,209,VIBDI,2,0,-,-,225,,,
62,707,ML,GM,209,FRAAM,1,0,-,-,30,,,
62,707,ML,GM,209,BERTH,1,0,-,-,350,A,,
62,707,ML,GM,209,BERTH,1,0,-,-,250,,,
62,707,ML,GM,209,VIBDI,1,0,-,-,100,,,
62,707,ML,GM,209,BERTH,1,0,-,-,600,,,
62,707,ML,GM,209,LIGOB,1,2,K4162,K4163,200,,,
62,707,ML,GM,209,LIGOB,2,0,-,-,220,,,
62,707,ML,GM,209,BERTH,1,2,K4164,K4165,850,,,
62,707,ML,GM,209,BERTH,2,0,-,-,600,,,
62,707,ML,GM,209,LONMO,1,0,-,-,100,,,
63,707,PD,AO,208,VIBAC,1,0,-,-,30,,,
63,707,PD,AO,208,VIBAC,1,0,-,-,50,,,
63,707,PD,AO,208,VIBAC,1,0,-,-,30,,,
63,707,PD,AO,208,VIBAC,1,0,-,-,35,,,
63,707,PD,AO,208,VIBAC,1,0,-,-,20,,,
63,707,PD,AO,208,BERTH,1,0,-,-,250,A,,
63,707,PD,AO,208,BERTH,1,0,-,-,300,A,,
63,707,PD,AO,208,BERTH,1,0,-,-,400,A,,
63,707,PD,AO,208,VIBAC,1,0,-,-,15,,,
63,707,PD,AO,208,VIBAC,1,0,-,-,20,,,
63,707,PD,AO,208,VIBAC,1,0,-,-,35,,,
63,707,PD,AO,208,BERTH,1,0,-,-,250,A,,
63,707,PD,AO,208,VIBAC,1,0,-,-,75,,,
63,707,PD,AO,208,VIBDI,1,0,-,-,125,,,
63,707,PD,AO,208,VIBAC,1,0,-,-,50,,,
63,707,PD,AO,208,VIBAC,1,0,-,-,100,A,,
63,707,PD,AO,208,VIBAC,1,0,-,-,75,,,
63,707,PD,AO,208,VIBAC,1,0,-,-,50,A,,
63,707,PD,AO,209,RUBXX,1,0,-,-,50,,,
63,707,PD,AO,209,RUBXX,1,0,-,-,15,,,
63,707,PD,AO,209,ROSMU,1,0,-,-,50,,,
63,707,PD,AO,209,ROSMU,1,1,K4187,K4187,65,,,
63,707,PD,AO,209,ROSMU,1,0,-,-,100,A; 25% SUN LEAF,,
63,707,PD,AO,209,ROSMU,1,0,-,-,175,EGGS,,
63,707,PD,AO,209,ROSMU,1,1,K4188,K4188,125,,,
63,707,PD,AO,209,MALXX,1,1,K4189,K4189,150,,,
63,707,PD,AO,209,ROSMU,1,1,K4140,K4140,100,A,,
63,707,PD,AO,209,ROSMU,2,0,-,-,50,,,
63,707,PD,AO,209,ROSMU,3,0,-,-,75,A,,
63,707,PD,AO,209,ROSMU,4,0,-,-,100,,,
63,707,PD,AO,209,LONMO,1,1,K4191,K4191,100,,,
63,707,PD,AO,209,LONMO,1,0,-,-,50,,,
63,707,PD,AO,209,BERTH,1,0,-,-,600,A; END OF DAY,,
63,713,RP,PD ML,210,RHOSC,2,0,-,-,100,A,,
64,713,RP,PD ML,210,PRUSE,1,0,-,-,30,,,
64,713,RP,PD ML,210,FRAAM,1,0,-,-,10,,,
64,713,RP,PD ML,210,MALXX,1,2,K4322,K4323,120,,,
64,713,RP,PD ML,210,MALXX,1,0,-,-,200,,,
64,713,RP,PD ML,210,MALXX,2,1,K4324,K4324,150,,,
64,713,RP,PD ML,210,ROSMU,1,0,-,-,110,A,,
64,713,RP,PD ML,210,MALXX,1,2,K4325,K4326,160,A,,
64,713,RP,PD ML,210,MALXX,2,6,K4327,K4331,200,A; INCLUDES CAT K4298,,
64,713,RP,PD ML,210,MALXX,3,1,K4332,K4332,150,,,
64,713,RP,PD ML,210,MALXX,1,4,K4333,K4336,150,A,,
64,713,RP,PD ML,210,MALXX,2,0,-,-,70,,,
64,713,RP,PD ML,210,MALXX,1,0,-,-,220,A,,
64,713,RP,PD ML,210,MALXX,1,2,K4337,K4338,300,,,
64,713,RP,PD ML,210,MALXX,1,0,-,-,125,,,
64,713,RP,PD ML,210,ROSMU,1,0,-,-,250,,,
64,713,RP,PD ML,210,MALXX,1,0,-,-,200,A,,
64,713,RP,PD ML,210,MALXX,1,0,-,-,230,A,,
64,713,RP,PD ML,210,MALXX,1,0,-,-,300,,,
64,713,RP,PD ML,210,MALXX,1,,K4339,K4340,150,,,
64,713,RP,PD ML,210,RUBXX,1,0,-,-,15,,,
64,713,RP,PD ML,210,ROSMU,1,1,K4341,K4341,200,,,
64,713,RP,PD ML,210,ROSMU,1,0,-,-,75,,,
64,713,RP,PD,211,PRUSE,1,0,-,-,200,,,
64,713,RP,PD,211,PRUSE,2,1,K4249,K4249,75,,,
64,713,RP,PD,211,MALXX,1,1,K4250,K4250,40,,,
64,713,RP,PD,211,RUBXX,1,1,K4251,K4251,20,A,,
64,713,RP,ML,211,LIGOB,1,0,-,-,200,,,
64,713,RP,ML,211,MALXX,1,0,-,-,60,,,
64,713,RP,ML,211,PRUSE,1,0,-,-,40,,,
64,713,RP,PD,211,RUBXX,2,0,-,-,20,A,,
64,713,RP,PD,211,LIGOB,1,0,-,-,140,A,,
64,713,RP,PD,211,RUBXX,3,0,-,-,20,A,,
65,706,DR,HW,206,FRAAX,1,0,-,-,22,A,,
65,706,DR,HW,206,FRAAX,1,0,-,-,12,,,
65,706,DR,HW,206,FRAAX,1,0,-,-,22,A,,
65,706,DR,HW,206,FRAAX,1,0,-,-,4,,,
65,706,DR,HW,206,FRAAX,1,0,-,-,8,,,
65,706,DR,HW,206,FRAAX,1,0,-,-,18,A,,
65,706,DR,HW,206,FRAAX,1,0,-,-,11,,,
65,706,DR,HW,206,FRAAX,1,0,-,-,8,,,
65,706,DR,HW,206,VIBDE,1,0,-,-,60,A,,
65,706,DR,HW,206,PRUSE,1,0,-,-,60,A,,
65,706,DR,HW,206,MALXX,1,0,-,-,220,A,,
65,706,DR,HW,206,MALXX,1,0,-,-,110,A,,
65,706,DR,HW,206,FRAXX,1,0,-,-,56,A,,
65,706,DR,HW,206,MALXX,1,0,-,-,360,A,,
65,706,DR,HW,206,MALXX,1,0,-,-,150,A,,
65,706,DR,HW,206,FRAAX,1,0,-,-,21,,,
65,706,DR,HW,206,FRAAX,1,0,-,-,28,,,
65,706,DR,HW,206,FRAAX,1,0,-,-,12,,,
65,706,DR,HW,206,MALXX,1,1,K4032,K4032,250,A,,
65,706,DR,HW,206,LONMO,1,0,-,-,200,A,,
65,706,DR,HW,206,ROSMU,1,1,K4033,K4033,45,A,,
65,713,RP,PD,210,ROSMU,1,1,K4311,K4311,85,A,,
65,713,RP,PD,210,BERTH,1,0,-,-,500,A,,
65,713,RP,PD,210,MALXX,1,0,-,-,150,A,,
65,713,RP,PD,210,MALXX,2,1,K4312,K4312,80,A,,
65,713,RP,PD,210,ROSMU,1,0,-,-,50,A,,
65,713,RP,PD,210,ROSMU,1,0,-,-,90,A,,
65,713,RP,PD,210,ROSMU,1,0,-,-,210,A,,
65,713,RP,PD,210,MALXX,1,1,K4313,K4313,120,,,
65,713,RP,PD,210,LIGOB,1,0,-,-,120,,,
65,713,RP,PD,210,MALXX,1,3,K4314,K4316,250,,,
65,713,RP,PD,210,MALXX,2,5,K4317,K43,200,,,
65,713,RP,PD,210,RHOSC,1,0,K4166,K4166,35,A,,
66,707,ML,GM,209,ROSMU,1,0,-,-,120,A,,
66,707,ML,GM,209,ROSMU,1,0,-,-,120,A,,
66,707,ML,GM,209,FRAAM,1,0,-,-,40,A,,
66,707,ML,AO,209,ROSMU,1,0,-,-,25,,,
66,710,ML,DR,209,LONMO,1,0,-,-,175,A,,
66,713,AO,KD,210,ROSMU,1,0,-,-,90,A,,
66,713,AO,KD,210,ROSMU,2,2,K4280,K4281,50,A,,
66,713,AO,KD,210,LIGOB,1,0,-,-,150,,,
66,713,AO,KD,210,BERTH,1,0,-,-,200,A,,
66,713,AO,KD,210,BERTH,2,0,-,-,100,A,,
66,713,AO,KD,210,LIGOB,1,0,-,-,75,,,
66,713,AO,KD,210,BERTH,1,0,-,-,400,A,,
66,713,AO,KD,210,LIGOB,1,0,-,-,200,A,,
66,713,AO,KD,210,FRAAM,1,0,-,-,6,,,
66,713,AO,KD,210,BERTH,1,0,-,-,200,,,
66,713,AO,KD,210,MALXX,1,1,K4282,K4282,90,A,,
66,713,AO,KD,210,MALXX,2,1,K4283,K4283,170,A,,
66,713,AO,KD,210,MALXX,1,2,K4284,K4285,150,A,,
66,713,AO,KD,210,MALXX,1,2,K4286,K4287,175,A,,
66,713,AO,KD,210,MALXX,1,0,-,-,100,A,,
66,713,AO,KD,210,MALXX,2,0,-,-,75,,,
66,713,AO,KD,210,MALXX,1,3,K4288,K4290,100,,,
66,713,AO,KD,210,FRAAM,1,1,K4291,K4291,50,,,
66,713,AO,KD,210,MALXX,2,1,K4292,K4292,140,SAME AS LAST MALXX (SAME PLANT),,
66,713,AO,KD,210,MALXX,3,1,K4293,K4293,120,,,
66,713,AO,KD,210,MALXX,4,3,K4294,K4296,100,,,
66,713,AO,KD,210,ROSMU,1,0,-,-,90,,,
66,713,KD,AO,211,ROSMU,1,0,-,-,50,,,
66,713,KD,AO,211,ROSMU,1,0,-,-,20,,,
66,713,KD,AO,211,ROSMU,2,0,-,-,20,,,
66,713,KD,AO,211,MALXX,1,0,-,-,150,A,,
66,713,KD,AO,211,MALXX,1,0,-,-,200,A,,
66,713,KD,AO,211,MALXX,1,0,-,-,75,A,,
67,713,KD,AO,211,MALXX,1,0,-,-,140,,,
67,713,KD,AO,211,ROSMU,1,0,-,-,25,,,
67,713,KD,AO,211,ROSMU,1,0,-,-,40,,,
67,713,ML,ML,211,MALXX,1,0,-,-,100,,,
67,713,ML,ML,211,MALXX,1,0,-,-,150,,,
67,713,ML,ML,211,MALXX,1,1,K4297,K4297,130,,,
67,714,PD,ML,212,FRAAM,1,0,-,-,20,,,
67,714,PD,ML,,FRAAM,1,0,-,-,50,,,
67,714,PD,ML,,FRAAM,2,0,-,-,30,,,
67,714,PD,ML,,MALXX,1,3,K4342,K4344,150,,,
67,714,PD,ML,,ROSMU,1,0,-,-,50,A,,
67,714,PD,ML,,FRAAM,1,0,-,-,75,,,
67,714,PD,ML,,PRUSE,1,0,-,-,60,,,
67,714,PD,ML,,PRUSE,2,1,K4345,K4345,40,,,
67,714,PD,ML,,PRUSE,1,1,K4346,K4346,100,,,
67,714,PD,ML,,PRUSE,2,2,K4347,K4348,70,,,
67,714,PD,ML,,PRUSE,1,4,K4349,K4352,300,,,
67,714,PD,ML,,PRUSE,2,5,K4353,K4356,275,,,
67,714,PD,ML,,LONMO,1,0,-,-,120,,,
67,714,PD,ML,,PRUSE,1,1,K4357,K4357,175,,,
67,714,PD,ML,,VIBAC,1,0,-,-,60,,,
67,714,PD,ML,,RUBXX,1,0,-,-,35,A,,
67,714,PD,ML,,RUBXX,1,0,-,-,25,,,
67,714,PD,ML,,AMEXX,1,0,-,-,60,,,
67,714,PD,ML,,AMEXX,2,0,-,-,50,,,
67,714,PD,ML,,RUBXX,1,0,-,-,40,,,
67,714,PD,ML,,RUBXX,1,0,-,-,65,,,
67,714,PD,ML,,PRUSE,1,0,-,-,175,,,
67,714,PD,ML,,CRAXX,1,0,-,-,60,,,
67,714,PD,ML,,CRAXX,2,0,-,-,80,,,
67,714,PD,ML,,PRUSE,1,1,K4358,K4358,100,FOUND ON GRAPE LEAF; TOOK TO FEED PRUSE,,
67,714,PD,ML,,FRAAM,1,0,-,-,75,A,,
67,714,PD,ML,,RUBXX,1,0,-,-,60,,,
68,714,PD,ML,212,RUBXX,2,0,-,-,50,,,
68,715,ML,PD;HW,213,ROSMU,1,1,K4435,K4435,80,,,
68,715,ML,PD;HW,213,ROSMU,1,0,-,-,75,,,
68,715,ML,PD;HW,213,ROSMU,1,0,-,-,50,,,
68,715,ML,PD;HW,213,ROSMU,1,0,-,-,110,A,,
68,715,ML,PD;HW,213,FRAAM,1,0,-,-,125,A,,
68,715,ML,PD;HW,213,FRAAM,2,1,K4436,K4436,50,,,
68,715,ML,PD;HW,213,FRAAM,3,1,K4437,K4437,40,A,,
68,715,ML,PD;HW,213,FRAAM,4,0,-,-,110,A,,
68,715,ML,PD;HW,213,ROSMU,1,0,K4438,K4438,60,,,
68,715,ML,PD;HW,213,ROSMU,1,2,K4439,K4440,100,A,,
68,715,ML,PD;HW,213,BERTH,1,1,K4441,K4441,225,A,,
68,715,ML,PD;HW,213,BERTH,2,0,-,-,200,A,,
68,715,ML,PD;HW,213,RUBXX,1,0,-,-,30,,,
68,715,ML,PD;HW,213,RUBXX,1,0,-,-,15,A,,
68,715,ML,PD;HW,213,LONMO,1,0,-,-,100,A,,
68,715,ML,PD;HW,213,ROSMU,1,1,K4442,K4442,175,A,,
68,715,ML,PD;HW,213,FRAAM,1,0,-,-,14,,,
68,715,ML,PD;HW,213,ROSMU,1,0,-,-,65,,,
68,715,ML,PD;HW,213,LONMO,1,0,-,-,100,,,
68,715,ML,PD;HW,213,LONMO,2,0,-,-,80,,,
68,715,ML,PD;HW,213,ROSMU,1,0,-,-,130,,,
68,715,ML,PD;HW,213,RUBXX,1,0,-,-,31,,,
68,715,ML,PD;HW,213,LONMO,1,1,K4443,K4443,350,,,
68,715,ML,PD;HW,213,FRAAM,1,1,K4444,K4444,100,,,
68,715,ML,PD;HW,213,FRAAM,2,0,-,-,120,A,,
68,715,ML,PD;HW,213,ROSMU,1,0,-,-,80,,,
68,715,ML,PD;HW,213,LONMO,1,1,K4445,K4445,200,A,,
68,715,ML,PD;HW,213,LONMO,2,1,K4446,K4446,200,,,
68,715,ML,PD;HW,213,ROSMU,1,2,K4447,K4448,200,,,
68,715,ML,PD;HW,213,LONMO,1,0,-,-,200,,,
68,715,PD,ML,213,LIGOB,1,0,-,-,350,,,
68,715,PD,ML,213,LIGOB,2,1,K4449,K4449,350,,,
69,715,PD,HW; ML,213,LIGOB,1,0,-,-,300,,,
69,715,PD,HW; ML,213,LONMO,1,0,-,-,80,A,,
69,715,PD,HW; ML,213,ROSMU,1,1,K4450,K4450,130,,,
69,715,ML,HW; PD,213,LONMO,1,0,-,-,100,,,
69,715,ML,HW; PD,213,LONMO,1,0,-,-,90,A,,
69,715,ML,HW; PD,213,FRAAM,1,0,-,-,30,,,
69,715,ML,HW; PD,213,FRAAM,1,0,-,-,35,,,
69,715,ML,HW; PD,213,LONMO,1,0,-,-,100,,,
69,715,ML,HW; PD,213,MALXX,1,2,K4451,K4452,175,,,
69,715,ML,HW; PD,213,MALXX,2,5,K4453,K4457,100,,,
69,715,ML,HW; PD,213,MALXX,1,0,-,-,150,,,
69,715,ML,HW; PD,213,MALXX,2,2,K4458,K4459,200,,,
69,715,ML,HW; PD,213,LIGOB,1,0,-,-,80,,,
69,715,ML,HW; PD,213,ROSMU,1,0,-,-,90,,,
69,715,ML,HW; PD,213,ROSMU,1,0,-,-,70,,,
69,715,ML,HW; PD,213,ROSMU,1,0,-,-,100,,,
69,715,ML,HW; PD,213,FRAAM,1,0,-,-,25,,,
69,715,ML,HW; PD,213,ROSMU,1,0,-,-,200,,,
69,715,ML,HW; PD,213,ROSMU,1,1,K4460,K4460,180,,,
69,715,ML,HW; PD,213,FRAAM,1,0,-,-,200,,,
69,715,ML,HW; PD,213,LIGOB,1,0,-,-,120,,,
69,716,ML,PD; RG,214,VIBAC,1,0,-,-,45,,,
69,716,ML,PD; RG,214,AMEXX,1,0,-,-,125,,,
69,716,ML,PD; RG,214,AMEXX,2,0,-,-,50,,,
69,716,ML,PD; RG,214,PRUSE,1,0,-,-,75,,,
69,716,ML,PD; RG,214,VIBAC,1,0,-,-,110,,,
69,716,ML,PD; RG,214,VIBAC,1,0,-,-,100,A,,
69,716,ML,PD; RG,214,VIBAC,1,0,-,-,30,,,
69,716,ML,PD; RG,214,VIBAC,1,0,-,-,50,,,
69,716,ML,PD; RG,214,VIBAC,1,0,-,-,120,,,
69,716,ML,PD; RG,214,VIBAC,1,0,-,-,120,,,
69,716,ML,PD; RG,214,RUBXX,1,0,-,-,15,,,
69,716,ML,PD; RG,214,PRUSE,1,0,-,-,50,,,
70,716,ML,PD; RG,214,VIBAC,1,0,-,-,35,,,
70,716,ML,PD; RG,214,MALXX,1,0,-,-,75,,,
70,716,ML,PD; RG,214,PRUSE,1,0,-,-,70,,,
70,716,ML,PD; RG,214,VIBAC,1,0,-,-,100,A,,
70,716,ML,PD; RG,214,AMEXX,1,0,-,-,41,,,
70,716,ML,PD; RG,215,PRUSE,1,0,-,-,175,,,
70,716,ML,PD; RG,215,RUBXX,1,0,-,-,40,,,
70,716,ML,PD; RG,215,ROSMU,1,0,-,-,100,A,,
70,716,ML,PD; RG,215,BERTH,1,0,-,-,300,,,
70,716,ML,PD; RG,215,ROSMU,1,2,K4373,K4374,1000,,,
70,716,ML,PD; RG,215,FRAAM,1,0,-,-,45,,,
70,716,ML,PD; RG,215,ROSMU,1,0,-,-,110,,,
70,716,ML,PD; RG,215,RUBXX,1,0,-,-,15,,,
70,716,ML,PD; RG,215,PRUSE,1,0,-,-,75,,,
70,716,ML,PD; RG,215,MALXX,1,1,K4375,K4375,100,,,
70,716,ML,PD; RG,215,VIBAC,1,0,-,-,45,,,
70,716,ML,PD; RG,215,VIBAC,1,0,-,-,100,,,
70,716,ML,PD; RG,215,VIBDE,1,0,-,-,22,,,
70,716,ML,PD; RG,215,AMEXX,1,0,-,-,6,,,
70,716,ML,PD; RG,215,RUBXX,1,1,K4376,K4376,15,,,
70,716,ML,PD; RG,215,CRAXX,1,0,-,-,70,,,
70,716,ML,PD; RG,215,CRAXX,1,0,-,-,40,,,
70,716,ML,PD; RG,215,ROSMU,1,0,-,-,25,,,
70,716,ML,PD; RG,215,ROSMU,2,1,K4377,K4377,60,,,
70,716,ML,PD; RG,215,PRUSE,1,2,K4378,K4379,80,,,
70,716,ML,PD; RG,215,PRUSE,1,14,K4380,K4393,100,YIKES,,
70,716,ML,PD; RG,215,CRAXX,1,0,-,-,40,,,
70,716,ML,PD; RG,215,CRAXX,2,0,-,-,100,,,
70,716,ML,PD; RG,215,PRUSE,2,15,K4394,K4409,90,YIKES X2,,
70,716,ML,PD; RG,215,CRAXX,3,0,-,-,120,,,
70,716,ML,PD; RG,215,CRAXX,4,1,K4411,K4411,130,,,
70,716,ML,PD; RG,215,PRUSE,1,0,-,-,85,,,
70,716,ML,PD; RG,215,ROSMU,1,0,-,-,100,,,
71,721,ML,PD,220,MALXX,1,0,-,-,150,,,
71,721,ML,PD,220,MALXX,2,1,K4574,K4574,300,,,
71,721,ML,PD,220,MALXX,3,1,K4575,K4575,200,,,
71,721,ML,PD,220,EUOAL,1,1,K4576,K4576,95,,,
71,721,ML,PD,220,EUOAL,2,0,-,-,280,,,
71,721,ML,PD,220,BERTH,1,0,-,-,500,A,,
71,722,ML,HW,221,BERTH,1,0,-,-,200,,,
71,722,ML,HW,221,BERTH,1,0,-,-,250,A,,
71,722,ML,HW,221,VIBDI,1,0,-,-,200,A,,
71,722,ML,HW,221,VIBDI,1,0,-,-,450,,,
71,722,ML,HW,221,VIBDI,1,0,-,-,400,,,
71,722,ML,HW,221,VIBDI,1,0,-,-,100,A,,
71,722,ML,HW,221,VIBDI,1,0,-,-,95,A,,
71,722,ML,HW,221,VIBDI,1,0,-,-,130,A,,
71,722,ML,HW,221,VIBDI,1,0,-,-,120,A,,
71,722,ML,HW,221,VIBDI,1,0,-,-,125,A,,
71,722,ML,HW,221,VIBDI,2,0,-,-,200,A,,
71,722,ML,HW,221,VIBDI,1,0,-,-,150,A,,
71,722,ML,HW,221,VIBDI,1,0,-,-,120,,,
71,722,ML,HW,221,VIBDI,1,0,-,-,110,A,,
71,722,ML,HW,221,VIBDI,2,0,-,-,225,A,,
71,722,ML,HW,221,BERTH,1,0,-,-,650,A,,
71,722,ML,HW,221,BERTH,1,0,-,-,900,A,,
71,722,ML,HW,221,EUOAL,1,0,-,-,150,,,
71,722,ML,HW,221,VIBDI,1,0,-,-,75,A,,
71,722,ML,HW,221,VIBDI,1,0,-,-,150,,,
71,722,ML,HW,221,VIBDI,1,0,-,-,160,A,,
71,722,ML,HW,221,VIBDI,1,0,-,-,150,,,
71,722,ML,HW,221,VIBDI,1,0,-,-,150,A,,
71,722,ML,HW,221,VIBDI,1,0,-,-,215,A,,
71,722,ML,HW,221,VIBDI,1,1,K4594,K4594,180,A,,
71,722,ML,HW,221,VIBDI,1,0,-,-,160,A,,
71,722,ML,HW,221,VIBDI,1,0,-,-,250,A,,
72,721,PD,ML,219,FRAAM,1,0,-,-,60,A,,
72,721,PD,ML,219,BERTH,1,0,-,-,100,,,
72,721,ML,PD,219,FRAAM,1,0,-,-,70,,,
72,721,ML,PD,219,ROSMU,1,0,-,-,60,,,
72,721,ML,PD,219,ROSMU,1,0,-,-,40,,,
72,721,ML,PD,219,BERTH,1,0,-,-,200,,,
72,721,ML,PD,219,BERTH,1,0,-,-,150,A,,
72,721,ML,PD,219,RUBXX,1,0,-,-,60,,,
72,721,ML,PD,219,RUBXX,1,0,-,-,60,,,
72,721,ML,PD,219,MALXX,1,0,-,-,50,,,
72,721,ML,PD,219,MALXX,1,2,,,300,,,
72,721,ML,PD,219,MALXX,2,1,K4559,K4560,150,NUMBER ORDER HERE IS CORRECT,,
72,721,ML,PD,219,MALXX,1,1,K4562,K4562,100,NUMBER ORDER HERE IS CORRECT,,
72,721,ML,PD,219,MALXX,2,0,-,-,80,,,
72,721,ML,PD,219,MALXX,3,0,-,-,120,,,
72,721,ML,PD,219,MALXX,1,1,K4561,K4561,80,,,
72,721,ML,PD,219,BERTH,1,0,-,-,300,,,
72,721,ML,PD,219,MALXX,1,0,-,-,70,,,
72,721,ML,PD,219,MALXX,1,1,K4563,K4563,300,,,
72,721,ML,PD,219,BERTH,1,0,-,-,200,A,,
72,721,ML,PD,220,VIBAC,1,0,-,-,40,,,
72,721,ML,PD,220,LONMO,1,1,K4564,K4564,80,,,
72,721,ML,PD,220,ROSMU,1,0,-,-,150,,,
72,721,ML,PD,220,LONMO,1,1,K4566,K4566,175,,,
72,721,ML,PD,220,MALXX,1,1,K4567,K4567,120,,,
72,721,ML,PD,220,VIBDI,1,0,-,-,50,,,
72,721,ML,PD,220,MALXX,1,1,K4568,K4568,150,A,,
72,721,ML,PD,220,LONMO,1,0,-,-,125,,,
72,721,ML,PD,220,PRUSE,1,1,K4569,K4569,100,,,
72,721,ML,PD,220,PRUSE,2,3,K4570,K4572,250,,,
72,721,ML,PD,220,PRUSE,1,0,-,-,100,,,
72,721,ML,PD,220,PRUSE,1,1,K4573,K4573,100,,,
72,721,ML,PD,220,PRUSE,1,0,-,-,120,,,
73,719,ML,KD,216,LIGOB,1,0,-,-,170,,,
73,719,ML,KD,216,LIGOB,2,0,-,-,230,,,
73,719,ML,KD,216,LIGOB,3,0,-,-,200,,,
73,719,ML,KD,216,RUBXX,1,0,-,-,40,,,
73,719,ML,KD,216,RUBXX,1,0,-,-,35,,,
73,720,ML,PDDR,218,VIBDE,1,1,K4539,K4539,150,,,
73,720,ML,PDDR,218,PRUSE,1,0,-,-,80,,,
73,720,ML,PDDR,218,PRUSE,1,1,K4540,K4540,180,,,
73,720,ML,PDDR,218,LIGOB,1,0,-,-,400,A,,
73,720,ML,PDDR,218,PRUSE,1,0,-,-,150,,,
73,720,ML,PDDR,218,LONMO,1,0,-,-,150,,,
73,720,ML,PDDR,218,ROSMU,1,0,-,-,50,A,,
73,720,ML,PDDR,218,PRUSE,1,0,-,-,130,,,
73,720,ML,PDDR,218,PRUSE,1,0,-,-,100,,,
73,720,ML,PDDR,218,LONMO,1,0,-,-,110,,,
73,720,ML,PDDR,218,PRUSE,1,0,-,-,175,,,
73,720,ML,PDDR,218,PRUSE,1,0,-,-,130,A,,
73,720,ML,PDDR,218,PRUSE,2,2,K4541,K4542,250,,,
73,720,ML,PDDR,218,LIGOB,1,1,K4543,K4543,500,A,,
73,720,ML,PDDR,218,PRUSE,3,2,K4544,K4545,100,,,
73,720,ML,PDDR,218,LIGOB,1,0,-,-,400,,,
73,720,ML,PDDR,218,VIBLE,1,1,K4546,K4546,120,A,,
73,720,ML,PDDR,218,VIBLE,1,0,-,-,250,,,
73,720,ML,PDDR,218,VIBLE,1,0,-,-,100,,,
73,720,ML,PDDR,218,VIBLE,1,0,-,-,30,,,
73,720,ML,PDDR,218,LIGOB,1,0,-,-,150,,,
73,720,ML,PDDR,218,VIBSI,1,0,-,-,85,,,
73,720,ML,PDDR,218,VIBSI,1,0,-,-,100,,,
73,720,ML,PDDR,218,VIBSI,1,0,-,-,100,,,
73,720,ML,PDDR,218,FRAAM,1,0,-,-,80,,,
73,720,ML,PDDR,218,LIGOB,1,0,-,-,200,,,
73,720,ML,PDDR,218,LIGOB,1,0,-,-,300,,,
73,720,ML,PDDR,218,LIGOB,1,0,-,-,400,,,
74,716,ML,ML,215,BERTH,1,0,-,-,400,,,
74,716,ML,ML,215,BERTH,1,1,,,600,,,
74,719,ML,KD,216,MALXX,1,0,-,-,250,,,
74,719,ML,KD,216,MALXX,2,0,-,-,200,,,
74,719,ML,KD,216,MALXX,3,0,-,-,200,,,
74,719,ML,KD,216,LIGOB,1,0,-,-,300,A,,
74,719,ML,KD,216,ROSMU,1,1,,,150,,,
74,720,PD,DR,217,FRAAM,1,0,-,-,50,,,
74,720,PD,DR,217,FRAAM,1,0,-,-,40,,,
74,720,PD,DR,217,FRAAM,2,0,-,-,40,,,
74,720,PD,DR,217,ROSMU,1,0,-,-,60,A,,
74,720,PD,DR,217,ROSMU,1,1,,,90,,,
74,720,PD,DR,217,SAMCA,1,1,,,60,,,
74,720,PD,DR,217,SAMCA,1,0,-,-,50,,,
74,720,PD,DR,217,RUBXX,1,1,,,60,,,
74,720,PD,DR,217,RUBXX,1,0,-,-,30,,,
74,720,PD,DR,217,ROSMU,1,0,-,-,175,,,
74,720,PD,DR,217,FRAAM,1,0,-,-,65,,,
74,720,PD,DR,217,RUBXX,1,0,-,-,30,,,
74,720,PD,DR,217,ROSMU,1,1,,,300,SUN LEAVES; A,,
74,720,PD,DR,218,PRUSE,1,2,,,150,A,,
74,720,PD,DR,218,PRUSE,2,1,,,135,,,
74,720,PD,DR,218,ROSMU,1,0,-,-,100,A,,
74,720,PD,DR,218,ROSMU,1,0,-,-,110,A,,
74,720,PD,DR,218,RUBXX,1,0,-,-,40,,,
74,720,PD,DR,218,RUBXX,1,0,-,-,35,,,
74,720,PD,DR,218,LONMO,1,0,-,-,120,,,
74,720,PD,DR,218,LONMO,2,0,-,-,95,,,
74,720,PD,DR,218,ROSMU,1,2,,,60,,,
74,720,PD,DR,218,ROSMU,1,2,,,450,A,,
74,720,PD,DR,218,ROSMU,2,0,-,-,190,A,,
74,720,PD,DR,218,ROSMU,1,0,-,-,210,,,
74,720,PD,DR,218,VIBDE,1,0,-,-,80,A,,
75,722,ML,HW,221,BERTH,1,0,-,-,500,A,,
75,722,ML,HW,221,BERTH,1,0,-,-,400,A,,
75,722,ML,HW,221,BERTH,1,0,-,-,500,A,,
75,722,ML,HW,222,FRAAM,1,1,K4597,K4597,95,,,
75,722,ML,HW,222,BERTH,1,0,-,-,400,,,
75,722,ML,HW,222,BERTH,1,0,-,-,750,A,,
75,722,ML,HW,222,AMEXX,1,1,K4601,K4601,250,A,,
75,722,ML,HW,222,AMEXX,2,2,K4602,K4603,150,A,,
75,722,ML,HW,222,FRAAM,1,1,K4604,K4604,80,A,,
75,723,PD,ML,224,ROSMU,1,0,-,-,60,,,
75,726,ML,PDHW,225,BERTH,1,0,-,-,300,,,
75,726,ML,PDHW,225,VIBAC,1,0,-,-,65,,,
75,726,ML,PDHW,225,BERTH,2,0,-,-,150,,,
75,726,ML,PDHW,225,FRAAM,1,1,K4621,K4621,8,,,
75,726,ML,PDHW,225,VIBAC,1,0,-,-,45,A,,
75,726,ML,PDHW,225,VIBAC,1,0,-,-,70,,,
75,726,ML,HW,225,VIBAC,1,0,-,-,50,,,
75,726,ML,HW,225,VIBAC,1,0,-,-,100,,,
75,726,ML,HW,225,VIBAC,1,0,-,-,30,A,,
75,726,ML,HW,225,VIBAC,1,1,K4622,K4622,80,A,,
75,726,ML,HW,225,RUBXX,1,0,-,-,60,,,
75,726,ML,HW,225,FRAAM,1,1,K4623,K4623,15,A,,
75,726,ML,HW,225,VIBDI,1,0,-,-,300,A,,
75,726,ML,HW,225,VIBAC,1,0,-,-,110,A,,
75,726,ML,HW,225,VIBAC,1,0,-,-,120,A,,
75,726,ML,HW,225,BERTH,1,0,-,-,600,A,,
75,726,ML,HW,225,VIBAC,1,0,-,-,50,A,,
75,726,ML,HW,225,BERTH,1,2,K4624,K4625,650,A,,
75,726,ML,HW,225,VIBDI,1,0,-,-,200,A,,
75,726,ML,HW,225,BERTH,1,0,-,-,450,A,,
75,726,ML,HW,225,ROSMU,1,0,-,-,50,A,,
75,726,ML,HW,225,ROSMU,1,0,-,-,50,A,,
75,726,ML,HW,225,VIBAC,1,0,-,-,25,END OF TRANSECT,,
76,722,RP,PD,221,VIBDI,1,0,-,-,180,A,,
76,722,RP,PD,221,BERTH,1,0,-,-,300,A,,
76,722,RP,PD,221,BERTH,1,0,-,-,400,A,,
76,722,RP,PD,221,FRAAM,1,1,K4590,K4590,10,,,
76,722,RP,PD,221,BERTH,1,0,-,-,400,A,,
76,722,RP,PD,221,VIBDI,1,0,-,-,100,,,
76,722,RP,PD,221,VIBDI,2,0,-,-,60,,,
76,722,RP,PD,221,VIBDI,1,0,-,-,110,A,,
76,722,RP,PD,221,VIBDI,1,0,-,-,170,,,
76,722,RP,PD,221,BERTH,1,0,-,-,300,,,
76,722,RP,PD,221,VIBDI,1,0,-,-,60,A,,
76,722,RP,PD,221,VIBDI,1,0,-,-,60,A,,
76,722,RP,PD,221,VIBDI,1,0,-,-,80,,,
76,722,RP,PD,221,VIBDI,1,0,-,-,220,A,,
76,722,RP,PD,221,VIBDI,1,0,-,-,70,A,,
76,722,RP,PD,221,BERTH,1,0,-,-,250,,,
76,722,RP,PD,221,BERTH,1,2,K4591,K4592,500,A,,
76,722,RP,PD,221,BERTH,1,1,K4593,K4593,370,A,,
76,722,RP,PD,221,VIBDI,1,0,-,-,100,A,,
76,722,RP,PD,221,VIBDI,2,0,-,-,150,,,
76,722,RP,PD,221,BERTH,1,2,K4595,K4596,800,A,,
76,722,RP,PD,221,RUBPH,1,0,-,-,24,A,,
76,722,RP,PD,222,BERTH,1,0,-,-,500,A,,
76,722,RP,PD,222,BERTH,1,3,K4598,K4600,500,A,,
76,722,RP,PD,222,VIBDI,1,0,-,-,250,A,,
76,722,RP,PD,222,VIBDI,1,0,-,-,170,A,,
76,722,RP,PD,222,VIBDI,1,0,-,-,170,A,,
76,722,RP,PD,222,BERTH,1,0,-,-,250,A,,
76,727,PD,ML; HW; DR,229,VIBDI,1,1,K5032,K5032,40,A,,
76,727,PD,ML; HW; DR,229,LIGOB,1,0,-,-,125,,,
76,727,PD,ML; HW; DR,229,LIGOB,2,0,-,-,200,,,
76,727,PD,ML; HW; DR,229,RUBXX,1,0,-,-,20,,,
76,727,PD,ML; HW; DR,229,ROSMU,1,0,-,-,100,EGGS ON RUBPH,,
77,723,ML,PD; DR,223,RUBPH,1,0,-,-,120,,,
77,723,ML,PD; DR,223,PRUSE,1,0,-,-,100,,,
77,723,ML,PD; DR,223,PRUSE,1,0,-,-,250,,,
77,723,ML,PD; DR,223,RUBXX,1,2,K4993,K4994,40,,,
77,723,ML,PD; DR,223,PRUSE,1,1,K4995,K4995,175,A,,
77,723,ML,PD; DR,223,PRUSE,2,0,-,-,225,A,,
77,723,DR,ML; PD,223,PRUSE,3,0,-,-,200,,,
77,723,DR,ML; PD,223,PRUSE,4,1,K4996,K4996,175,,,
77,723,DR,ML; PD,223,RUBXX,1,0,-,-,80,A; BLACK RASPBERRY?,,
77,723,DR,ML; PD,223,RUBXX,1,1,K4997,K4997,80,,,
77,723,DR,ML; PD,223,ROSMU,1,0,-,-,100,,,
77,723,DR,ML; PD,223,RUBXX,1,0,-,-,130,,,
77,723,DR,ML; PD,223,ROSMU,2,0,-,-,200,,,
77,723,DR,ML; PD,223,PRUSE,1,0,-,-,75,THE BOIS,,
77,723,DR,ML; PD,223,PRUSE,1,0,-,-,200,,,
77,723,DR,ML; PD,223,RUBXX,1,1,K4998,K4998,60,,,
77,723,DR,ML; PD,223,LIGOB,1,0,-,-,200,,,
77,723,DR,ML; PD,223,ROSMU,1,0,-,-,66,,,
77,723,ML,PD; DR,223,LIGOB,2,0,-,-,250,,,
77,723,ML,PD; DR,223,LIGOB,1,0,-,-,200,,,
77,723,ML,PD; DR,223,PRUSE,1,2,K4999,K4500,400,,,
77,723,ML,PD; DR,223,PRUSE,2,0,-,-,125,,,
77,723,ML,PD; DR,223,RUBXX,1,0,-,-,100,,,
77,723,ML,PD; DR,223,PRUSE,3,0,-,-,50,,,
77,723,ML,PD; DR,223,BERTH,1,1,K5001,K5001,150,,,
77,723,ML,PD; DR,223,FRAAM,1,0,-,-,30,,,
77,723,ML,PD; DR,223,ROSMU,1,1,K5002,K5002,100,A,,
77,723,ML,PD; DR,223,BERTH,2,1,K5003,K5003,200,,,
77,723,ML,PD; DR,223,LONMO,1,1,K5004,K5004,120,,,
77,723,ML,PD; DR,223,ROSMU,1,0,-,-,110,,,
77,723,ML,PD; DR,223,ROSMU,2,0,-,-,200,,,
77,723,ML,PD; DR,223,ROSMU,1,3,K5005,K5007,120,,,
77,723,ML,PD; DR,223,ROSMU,1,0,-,-,80,,,
78,723,DR,MLPD,223,PRUSE,1,0,-,-,150,,,
78,723,DR,MLPD,223,MALXX,1,1,K5008,K5008,150,PU OR PR,,
78,723,DR,MLPD,223,PRUSE,2,1,K5009,K5009,150,,,
78,723,DR,MLPD,223,PRUSE,1,0,-,-,175,,,
78,723,DR,MLPD,223,PRUSE,2,0,-,-,220,,,
78,723,DR,MLPD,223,RUBXX,1,0,-,-,40,,,
78,723,DR,MLPD,223,ROSMU,1,1,K5010,K5010,40,,,
78,723,DR,MLPD,223,ROSMU,2,0,-,-,300,A,,
78,723,DR,MLPD,223,FRAAM,1,0,-,-,60,,,
78,723,DR,MLPD,223,EUOAL,1,0,-,-,300,A,,
78,723,DR,MLPD,223,RUBXX,1,0,-,-,100,,,
78,723,DR,MLPD,223,PRUSE,3,0,-,-,100,,,
78,723,DR,MLPD,223,RUBXX,1,0,-,-,75,,,
78,723,DR,MLPD,223,EUOAL,1,0,-,-,175,,,
78,723,DR,MLPD,223,ROSMU,1,0,-,-,65,,,
78,723,DR,MLPD,223,RUBXX,1,0,-,-,225,,,
78,723,DR,MLPD,223,RUBXX,1,0,-,-,40,,,
78,723,DR,MLPD,223,RUBXX,1,0,-,-,30,,,
78,723,DR,MLPD,223,ROSMU,1,0,-,-,200,,,
78,723,DR,MLPD,223,ROSMU,2,0,-,-,150,,,
78,723,DR,MLPD,223,FRAAM,1,0,-,-,20,,,
78,723,DR,MLPD,223,LONMO,1,0,-,-,200,,,
78,723,DR,MLPD,223,ROSMU,1,,-,-,175,A,,
78,723,DR,MLPD,223,LONMO,2,0,-,-,105,,,
78,723,DR,MLPD,223,FRAAM,1,0,-,-,40,,,
78,723,DR,MLPD,223,ROSMU,1,0,-,-,100,,,
78,723,DR,MLPD,223,MALXX,1,0,-,-,225,A,,
78,723,DR,MLPD,223,MALXX,2,0,-,-,175,,,
78,723,DR,MLPD,223,MALXX,1,0,-,-,50,,,
78,723,ML,PD,224,FRAAM,1,0,-,-,30,,,
78,723,ML,PD,224,FRAAM,2,0,-,-,20,,,
78,723,ML,PD,224,RUBXX,1,0,-,-,50,A,,
78,723,ML,PD,224,MALXX,1,0,-,-,125,,,
79,726,DR,PD,225,VIBAC,1,0,-,-,40,,,
79,726,DR,PD,225,VIBAC,1,0,-,-,35,,,
79,726,DR,PD,225,VIBAC,1,0,-,-,40,,,
79,726,DR,PD,225,BERTH,1,0,-,-,300,A,,
79,726,DR,PD,225,VIBAC,1,0,-,-,25,,,
79,726,DR,PD,225,BERTH,1,0,-,-,250,,,
79,726,DR,PD,225,BERTH,1,0,-,-,350,,,
79,726,DR,PD,225,VIBAC,1,0,-,-,60,,,
79,726,DR,PD,225,VIBAC,1,1,K4652,K4652,80,,,
79,726,DR,PD,225,BERTH,1,0,-,-,400,,,
79,726,DR,PD,225,BERTH,1,2,K4653,K4654,350,,,
79,726,DR,PD,225,BERTH,1,0,-,-,350,,,
79,726,DR,PD,225,VIBAC,1,0,-,-,50,,,
79,726,DR,PD,225,BERTH,1,1,K4655,K4655,400,A,,
79,726,ML,HW,225,VIBAC,1,0,-,-,55,A,,
79,726,PD,HW; DR,226,VIBSI,1,0,-,-,70,,,
79,726,PD,HW; DR,226,BERTH,1,0,-,-,650,A,,
79,726,PD,HW; DR,226,VIBPL,1,0,-,-,50,,,
79,726,PD,HW; DR,226,VIBSI,1,0,-,-,110,A,,
79,726,PD,HW; DR,226,VIBSI,1,0,-,-,225,,,
79,726,PD,HW; DR,226,VIBSI,1,1,K4626,K4626,100,A,,
79,726,PD,HW; DR,226,VIBPL,1,0,-,-,60,,,
79,726,PD,HW; DR,226,BERTH,1,0,-,-,1000,,,
79,726,PD,HW; DR,226,VIBPL,1,0,-,-,200,,,
79,726,PD,HW; DR,226,ROSMU,1,2,K4627,K4628,120,,,
79,726,PD,HW; DR,226,VIBPL,1,0,-,-,80,A,,
79,726,PD,HW; DR,226,ROSMU,1,4,K4629,K4632,115,A,,
79,726,PD,HW; DR,226,VIBSI,1,0,-,-,70,,,
79,726,PD,HW; DR,226,BERTH,1,1,K4633,K4633,750,A,,
79,726,PD,HW; DR,226,VIBPL,1,0,-,-,100,A,,
79,726,PD,HW; DR,226,ROSMU,1,0,-,-,30,A,,
79,726,PD,HW; DR,226,FRAAM,1,0,-,-,15,,,
79,726,PD,HW; DR,226,ROSMU,0,0,-,-,100,A,,
80,726,PD,HWDR,226,LIGOB,1,0,-,-,80,,,
80,726,PD,HWDR,226,LIGOB,2,0,-,-,50,,,
80,727,PD,MLHW,227,CRAXX,1,0,-,-,75,,,
80,727,PD,DR,227,BERTH,1,0,-,-,300,,,
80,727,PD,DR,227,CRAXX,1,0,-,-,80,A,,
80,727,PD,DR,227,CRAXX,2,0,-,-,150,,,
80,727,PD,DR,227,BERTH,1,0,-,-,250,,,
80,727,PD,DR,227,CRAXX,1,0,-,-,90,,,
80,727,PD,DR,227,CRAXX,2,0,-,-,60,,,
80,727,PD,DR,227,CRAXX,1,1,K5024,K5024,170,,,
80,727,PD,DR,227,BERTH,1,1,K5025,K5025,250,,,
80,727,PD,DR,227,BERTH,1,0,-,-,50,A,,
80,727,PD,DR,227,BERTH,1,0,-,-,350,A,,
80,727,PD,DR,227,BERTH,1,1,K5026,K5026,400,A,,
80,727,PD,DR,227,VIBDI,1,0,-,-,150,A,,
80,727,PD,DR,227,VIBDI,2,0,-,-,115,,,
80,727,PD,DR,227,BERTH,1,1,K5027,K5027,700,A,,
80,727,PD,DR,227,BERTH,1,1,K5028,K5028,900,,,
80,727,PD,DR,227,BERTH,1,0,-,-,350,A,,
80,727,PD,DR,227,BERTH,1,1,K5029,K5029,350,A,,
80,727,PD,DR,228,VIBSI,1,0,-,-,150,,,
80,727,PD,DR,228,VIBSI,1,2,K5030,K5031,75,,,
80,727,PD,DR,228,RUBXX,1,0,-,-,10,,,
80,727,PD,DR,228,RUBXX,1,0,-,-,15,,,
80,727,PD,DR,228,RUBXX,1,0,-,-,70,,,
80,727,PD,DR,228,RUBXX,1,0,-,-,70,,,
80,727,PD,DR,228,RUBXX,1,0,-,-,20,,,
80,727,PD,DR,228,RUBXX,1,0,-,-,35,,,
80,727,PD,DR,228,RUBXX,1,0,-,-,15,,,
80,727,PD,DR,228,RUBXX,1,0,-,-,35,,,
80,727,PD,DR,228,VIBSI,1,0,-,-,100,,,
80,727,PD,DR,229,LIGOB,1,0,-,-,60,A,,
80,727,PD,DR,229,FRAAM,1,0,-,-,70,A,,
81,719,HW,RP,216,MALXX,1,1,K4497,K4497,130,A,,
81,719,HW,RP,216,MALXX,2,0,-,-,140,A,,
81,719,HW,RP,216,MALXX,3,1,K4498,K4498,120,A,,
81,719,HW,RP,216,LONMO,1,0,-,-,70,A,,
81,719,HW,RP,216,MALXX,1,0,-,-,75,"WEIRD(SMALL FRUITS, WEIRD LEAVES)",,
81,719,HW,RP,216,MALXX,2,0,-,-,260,A,,
81,719,HW,RP,216,MALXX,3,0,-,-,270,A,,
81,727,PD,HW/DR/ML,229,MALXX,1,1,K5033,K5033,100,,,
81,727,PD,HW/DR/ML,229,ROSMU,1,0,-,-,90,A,,
81,727,PD,HW/DR/ML,229,LIGOB,1,0,-,-,130,A,,
81,727,PD,HW/DR/ML,229,VIBPL,1,0,-,-,70,,,
81,727,PD,HW/DR/ML,229,LIGOB,1,0,-,-,120,,,
81,727,PD,HW/DR/ML,229,PRUSE,1,0,-,-,120,,,
81,727,PD,HW/DR/ML,229,PRUSE,1,1,K5034,K5034,50,,,
81,727,PD,HW/DR/ML,229,ROSMU,1,0,-,-,70,A,,
81,727,PD,HW/DR/ML,229,ROSMU,1,0,-,-,40,A,,
81,727,PD,HW/DR/ML,229,LIGOB,1,0,-,-,150,A,,
81,727,PD,HW/DR/ML,229,ROSMU,1,3,K5035,K5037,150,,,
81,727,PD,HW/DR/ML,229,ROSMU,1,0,-,-,100,,,
81,727,PD,HW/DR/ML,229,ROSMU,1,2,K5038,K5039,95,A,,
81,727,PD,HW/DR/ML,229,MALXX,1,0,-,-,200,A,,
81,727,PD,HW/DR/ML,229,VIBPL,1,0,-,-,60,,,
81,727,PD,HW/DR/ML,229,VIBPL,1,0,-,-,75,,,
81,727,PD,HW/DR/ML,229,LIGOB,1,1,K5040,K5040,120,,,
81,727,PD,HW/DR/ML,229,RUBXX,1,0,-,-,30,,,
81,727,PD,HW/DR/ML,229,MALXX,1,1,K5041,K5041,200,,,
81,727,PD,HW/DR/ML,229,RUBXX,1,0,-,-,30,,,
81,727,PD,ML,229,VIBAC,1,0,-,-,75,,,
81,727,PD,ML,229,CRAXX,1,0,-,-,75,,,
81,727,PD,ML,229,VIBAC,1,0,-,-,100,,,
81,727,PD,ML,229,VIBAC,2,0,-,-,150,A,,
81,727,PD,ML,229,VIBAC,1,0,-,-,50,,,
81,727,PD,ML,229,FRAAM,1,0,-,-,4,,,
82,728,ML,ML,230,VIBAC,1,0,-,-,60,A,,
82,728,ML,ML,230,CRAXX,1,0,-,-,70,A,,
82,728,ML,ML,230,CRAXX,1,0,-,-,80,A,,
82,728,ML,ML,230,AMEXX,1,0,-,-,85,A,,
82,728,ML,ML,230,AMEXX,1,0,-,-,100,A,,
82,728,ML,ML,230,AMEXX,2,0,-,-,60,A,,
82,728,ML,ML,230,VIBAC,1,0,-,-,60,,,
82,728,ML,ML,230,AMEXX,1,0,-,-,80,,,
82,728,ML,ML,230,AMEXX,1,0,-,-,100,,,
82,728,ML,ML,230,FRAAM,1,0,-,-,15,,,
82,728,ML,ML,230,FRAAM,1,0,-,-,25,,,
82,728,ML,ML,230,AMEXX,1,0,-,-,40,,,
82,728,ML,ML,230,AMEXX,2,0,-,-,30,,,
82,728,ML,ML,230,VIBAC,1,0,-,-,50,A,,
82,728,ML,ML,230,VIBAC,1,0,-,-,80,A,,
82,728,ML,ML,230,AMEXX,1,0,-,-,30,,,
82,728,ML,ML,230,VIBAC,1,0,-,-,120,A,,
82,728,PD,PD,230,VIBAC,1,0,-,-,85,,,
82,728,PD,PD,230,VIBAC,1,0,-,-,100,A,,
82,728,PD,PD,230,VIBAC,1,0,-,-,125,A,,
82,728,PD,PD,230,VIBAC,1,0,-,-,80,A,,
82,728,PD,PD,230,VIBAC,1,0,-,-,50,A,,
82,728,PD,PD,230,VIBAC,1,0,-,-,90,A,,
82,728,PD,PD,231,AMEXX,1,0,-,-,200,A,,
82,728,PD,PD,231,RUBXX,1,0,-,-,17,,,
82,728,PD,PD,231,AMEXX,1,0,-,-,175,,,
82,728,PD,PD,231,AMEXX,1,0,-,-,125,A,,
82,728,PD,PD,231,AMEXX,1,0,-,-,45,,,
82,728,ML,ML,231,ROSMU,1,0,-,-,100,A,,
82,728,ML,ML,231,ROSMU,1,0,-,-,150,A,,
82,728,ML,ML,231,ROSMU,1,0,-,-,200,,,
82,728,ML,PD,231,AMEXX,1,0,-,-,200,,,
82,728,ML,ML,231,SAMCA,1,0,-,-,15,,,
83,728,ML,ML,231,CRAXX,1,0,-,-,80,,,
83,728,ML,ML,231,CRAXX,1,0,,-,150,,,
83,728,ML,ML,231,PRUSE,1,0,-,-,45,,,
83,728,ML,ML,231,MALXX,1,0,-,-,190,,,
83,729,DR,ML,232,VIBLE,1,0,-,-,90,,,
83,729,DR,ML,232,VIBLE,2,1,K4683,K4683,100,A,,
83,729,DR,ML,232,VIBLE,1,0,-,-,60,A,,
83,729,DR,ML,232,CRAXX,1,0,-,-,85,A,,
83,729,DR,ML,232,CRAXX,2,0,-,-,85,,,
83,729,DR,ML,232,VIBLE,1,1,K4684,K4684,120,,,
83,729,DR,ML,232,VIBLE,1,0,-,-,70,,,
83,729,DR,ML,232,LIGOB,1,0,-,-,150,,,
83,729,DR,ML,232,CRAXX,1,1,K4685,K4685,75,,,
83,729,DR,ML,232,LIGOB,1,0,-,-,130,,,
83,729,DR,ML,232,BERTH,1,0,-,-,250,A,,
83,729,DR,ML,232,CRAXX,2,0,-,-,75,,,
83,729,DR,ML,232,ROSMU,1,0,-,-,100,,,
83,729,DR,ML,232,MALXX,1,2,K4686,K4687,110,A,,
83,729,DR,ML,232,MALXX,2,1,K4688,K4688,200,,,
83,729,DR,ML,232,MALXX,1,1,K4689,K4689,200,,,
83,729,DR,ML,232,ROSMU,1,0,-,-,150,A,,
83,729,DR,ML,232,ROSMU,1,0,-,-,75,,,
83,729,DR,ML,233,LONMO,1,0,-,-,225,A,,
83,729,DR,ML,233,LONMO,2,0,-,-,225,,,
83,729,DR,ML,233,RUBXX,1,0,-,-,50,,,
83,729,DR,ML,233,RUBXX,1,0,-,-,50,,,
83,729,DR,ML,233,RUBXX,1,0,-,-,100,A,,
83,729,DR,ML,233,ROSMU,1,0,-,-,40,,,
83,729,DR,ML,233,PRUSE,1,1,K4690,K4690,150,,,
83,729,DR,ML,233,PRUSE,2,3,K4691,K4693,110,A,,
83,729,DR,ML,233,ROSMU,1,2,K4694,K4695,100,A,,
83,729,DR,ML,233,MALXX,1,0,-,-,100,A,,
83,729,DR,ML,233,ROSMU,1,0,-,-,,A,,
84,729,DR,ML,233,ROSMU,1,1,K4696,K4696,150,A,,
84,729,DR,ML,233,VIBLE,1,0,-,-,150,RE-DO,,
84,729,DR,ML,233,VIBLE,2,1,K4697,K4697,120,,,
84,730,PD,ML,234,PRUSE,1,0,-,-,120,,,
84,730,PD,ML,234,PRUSE,2,1,K4714,K4714,120,,,
84,730,PD,ML,234,ROSMU,1,0,-,-,75,,,
84,730,PD,ML,234,FRAAM,1,0,-,-,20,,,
84,730,PD,ML,234,LIGOB,1,1,K4715,K4715,250,A,,
84,730,PD,ML,234,LIGOB,2,0,-,-,175,A,,
84,730,PD,ML,234,ROSMU,1,0,-,-,60,,,
84,730,PD,ML,234,ROSMU,2,0,-,-,100,,,
84,730,PD,ML,234,FRAAM,1,0,-,-,17,,,
84,730,PD,ML,234,ROSMU,1,0,-,-,175,,,
84,730,PD,ML,234,ROSMU,1,0,-,-,175,,,
84,730,PD,ML,234,RUBXX,1,0,-,-,40,,,
84,730,PD,ML,234,ROSMU,1,0,-,-,300,A,,
84,730,PD,ML,234,ROSMU,1,0,-,-,150,A,,
84,730,PD,ML,234,LIGOB,1,0,-,-,120,,,
84,730,PD,ML,234,LIGOB,2,0,-,-,130,,,
84,730,PD,ML,234,LIGOB,3,0,-,-,60,,,
84,730,PD,ML,234,VIBSI,1,0,-,-,75,A,,
84,730,PD,ML,234,LIGOB,1,0,-,-,130,,,
84,730,PD,ML,235,RUBXX,1,0,-,-,65,,,
84,730,PD,ML,235,FRAAM,1,0,-,-,60,A,,
84,730,PD,ML,235,ROSMU,1,0,-,-,100,A,,
84,730,PD,ML,235,FRAAM,1,0,-,-,60,,,
84,730,PD,ML,235,RUBXX,1,0,-,-,50,,,
84,730,PD,ML,235,LIGOB,1,0,-,-,200,A,,
84,730,PD,ML,235,ROSMU,1,1,K4716,K4716,75,A,,
84,730,PD,ML,235,RUBXX,1,2,K4717,K4718,80,A,,
84,730,PD,ML,235,RUBXX,1,0,-,-,90,,,
84,730,PD,ML,235,BERTH,1,0,-,-,350,,,
84,730,PD,ML,235,RUBXX,1,0,-,-,50,,,
85,730,PD,ML DR,235,ROSMU,1,3,K4719,K4721,80,,,
85,730,PD,ML DR,235,ROSMU,1,1,K4722,K4722,175,,,
85,730,PD,ML DR,235,ROSMU,1,1,K4723,K4723,110,A,,
85,730,PD,ML DR,235,ROSMU,1,2,K4725,K4726,130,,,
85,730,PD,ML DR,235,ROSMU,1,1,K4724,K4724,150,A,,
85,730,PD,ML DR,235,ROSMU,2,1,K4727,K4727,100,A,,
85,730,PD,ML DR,235,EUOAL,1,0,-,-,200,,,
85,730,PD,ML DR,235,FRAAM,1,0,-,-,85,,,
85,730,PD,ML DR,235,SAMCA,1,0,-,-,60,,,
85,730,PD,ML DR,235,ROSMU,1,0,-,-,90,,,
85,730,PD,ML DR,235,ROSMU,2,0,-,-,80,A,,