sheet,date,recorder,collector,transect,treeSpecies,branchNum,catCount,catNumMin,catNumMax,lfCount,notes,data entry notes
1,601,SB,KD;PD,101,MALXX,1,2,J2001,J2002,70,,
,601,SB,KD;PD,101,BERTH,1,0,-,-,400,,
,601,SB,KD;PD,101,MALXX,1,1,J2003,J2003,30,,
,601,SB,KD;PD,101,AMELA,1,1,J2004,J2004,120,,
,601,SB,KD;PD,101,AMELA,2,0,-,-,70,,
,601,KD,PD;SB,102,MALXX,1,0,-,-,50,,
,601,KD,PD;SB,102,VIBAC,1,0,-,-,20,,
,601,KD,PD;SB,102,VIBAC,1,2,J2005,J2006,20,,
,601,KD,PD;SB,103,CRAXX,1,0,-,-,20,,
,601,KD,PD;SB,103,VIBAC,1,0,-,-,20,,
,601,KD,PD;SB,103,MALXX,1,2,J2007,J2008,30,,
,601,KD,PD;SB,103,FRAXX,1,0,-,-,2,,
,601,KD,PD;SB,103,VIBAC,1,0,-,-,20,,
,601,KD,PD;SB,103,MALXX,1,0,-,-,30,,
,601,KD,PD;SB,103,CRAXX,1,0,-,-,15,,
,601,KD,PD;SB,103,MALXX,1,1,J2009,J2009,250,,
,601,KD,PD;SB,103,PRUSE,1,0,-,-,20,,
,601,KD,PD;SB,103,MALXX,1,0,-,-,30,,
,601,KD,PD;SB,103,VIBAC,1,0,-,-,15,,
,601,KD,PD;SB,103,VIBAC,1,1,J2010,J2011,30,ONE MICROX,I think the numbering is off
,601,KD,PD;SB,103,CRAXX,1,0,-,-,40,,
,601,KD,PD;SB,103,MALXX,1,2,J2012,J2013,400,,
,601,KD,PD;SB,103,MALXX,2,2,J2014,J2015,100,,
,601,SB,KD;DR,104,VIBDI,1,0,-,-,100,,
,601,SB,KD;DR,104,VIBDI,2,0,-,-,140,,
,601,SB,KD;DR,104,VIBDI,3,0,-,-,370,,
,601,SB,KD;DR,104,VIBDI,1,0,-,-,140,,
,601,SB,KD;DR,104,VIBDI,1,0,-,-,260,,
,601,SB,KD;DR,104,VIBDI,2,1,J2016,J2016,240,,
,601,SB,KD;DR,104,VIBDI,1,0,-,-,80,,
,601,SB,KD;DR,104,VIBDI,1,0,-,-,130,,
,601,SB,KD;DR,104,VIBDI,1,0,-,-,400,,
,601,SB,KD;DR,104,VIBDI,1,1,J2017,J2017,220,,
2,601,RP,DR,101,MALXX,1,1,J2063,J2064,250,,
,601,RP,DR,101,MALXX,2,1,J2065,J2065,200,,
,601,RP,DR,101,BERTH,1,0,-,-,150,,
,601,RP,DR,101,MALXX,1,0,-,-,100,,
,601,RP,DR,101,MALXX,1,1,J2066,J2066,200,,
,601,RP,DR,101,EUOAL,2,0,-,-,20,,
,601,RP,DR,101,BERTH,1,0,-,-,150,,
,601,RP,DR,101,BERTH,1,0,-,-,100,,
,601,DR,RP,102,MALXX,1,0,-,-,250,,
,601,DR,RP,102,MALXX,2,3,J2067,J2069,50,,
,601,RP,DR,103,VIBAC,1,0,-,-,20,,
,601,RP,DR,103,VIBAC,1,0,-,-,25,,
,601,RP,DR,103,VIBAC,1,0,-,-,30,,
,601,RP,DR,103,VIBAC,1,0,-,-,15,,
,601,RP,DR,103,MALXX,1,1,J2071,J2071,25,,
,601,RP,DR,103,VIBAC,1,1,J2072,J2072,15,,
,601,RP,DR,103,MALXX,1,0,-,-,450,,
,601,RP,DR,103,MALXX,1,0,-,-,150,,
,601,RP,DR,103,MALXX,1,3,J2073,J2075,200,,
,601,RP,DR,103,VIBAC,1,0,-,-,30,,
,601,RP,DR,103,VIBAC,1,0,-,-,30,,
,601,RP,DR,103,VIBAC,1,0,-,-,25,,
,601,RP,DR,103,CRAXX,1,1,J2076,J2076,20,,
,601,PD,RP;AO,104,BERTH,1,0,-,-,250,,
,601,PD,RP;AO,104,BERTH,1,0,-,-,350,,
,601,PD,RP;AO,104,VIBDI,1,0,-,-,200,,
,601,PD,RP;AO,104,BERTH,1,0,-,-,400,,
,601,PD,RP;AO,104,BERTH,1,0,-,-,150,,
,601,PD,RP;AO,104,VIBDI,1,0,-,-,50,,
,601,PD,RP;AO,104,BERTH ,1,1,J2077,J2077,300,,
,601,PD,RP;AO,104,VIBDI,1,0,-,-,100,,
,601,PD,RP;AO,104,VIBDI,1,0,-,-,75,,
3,601,SB,PD;DR,104,VIBDI,1,0,-,-,100,,
,601,SB,PD;DR,104,BERTH,1,0,-,-,260,,
,601,SB,PD;DR,104,,,,,,,,
,602,PD,AO,104,CRAXX,1,1,J2032,J2032,50,,
,602,PD,AO,104,FRAXX,1,0,-,-,6,,
,602,PD,AO,104,BERTH,1,0,-,-,400,,
,602,PD,AO,104,MALXX,1,1,J2033,J2033,75,,
,602,PD,AO,104,PRUSE,1,0,-,-,10,,
,602,PD,AO,104,PRUSE,2,1,J2034,J2034,40,,
,602,PD,AO,104,FRAXX,1,0,-,-,12,,
,602,PD,AO,104,MALXX,1,0,-,-,25,,
,602,PD,AO,104,MALXX,1,3,J2035,J2037,150,,
,602,PD,AO,104,EUOAL,1,0,-,-,50,,
,602,PD,AO,104,EUOAL,2,0,-,-,150,,
,602,PD,AO,104,ROSMU,1,0,-,-,30,,
,602,PD,AO,104,ROSMU,2,0,-,-,25,,
,602,PD,AO,104,ROSMU,3,1,J2038,J2038,50,possibly from OSTVI above,
,602,PD,AO,104,ROSMU,4,0,-,-,30,,
,602,PD,AO,104,ROSMU,1,1,J2039,J2039,30,,
,602,PD,AO,104,MALXX,1,1,J2040,J2040,50,,
,602,PD,AO,104,ROSMU,1,1,J2041,J2041,20,,
,602,PD,AO,104,MALXX,1,0,-,-,35,,
,602,PD,AO,104,FRAXX,1,0,-,-,13,,
,602,PD,AO,104,MALXX,1,0,-,-,200,,
,602,PD,AO,104,MALXX,1,0,-,-,100,,
,602,PD,AO,104,ROSMU,1,1,J2042,J2042,75,,
,602,PD,AO,104,ROSMU,1,0,-,-,50,,
,602,PD,AO,104,ROSMU,1,0,-,-,30,,
,602,PD,AO,104,ROSMU,1,0,-,-,70,,
4,601,PD,AO;RP,104,BERTH,1,0,-,-,200,,
,601,PD,AO;RP,104,BERTH,1,0,-,-,150,,
,601,PD,AO;RP,104,BERTH,1,0,-,-,110,,
,601,PD,AO;RP,104,VIBDI,1,0,-,-,45,,
,601,PD,AO;RP,104,VIBDI,1,0,-,-,75,,
,601,PD,AO;RP,104,EUOAL,1,0,-,-,25,,
,601,PD,AO;RP,104,BERTH,1,0,-,-,250,,
,601,PD,AO;RP,104,BERTH,1,0,-,-,300,,
,601,PD,AO;RP,104,VIBDI,1,0,-,-,35,,
,601,PD,AO;RP,104,VIBDI,1,0,-,-,75,,
,602,GA,GM,105,VIBAC,1,0,-,-,20,,
,602,GA,GM,105,VIBAC,1,0,-,-,20,,
,602,GA,GM,105,VIBAC,1,0,-,-,30,,
,602,GA,GM,105,FRAXX,1,0,-,-,40,,
,602,GA,GM,105,VIBAC,1,0,-,-,30,,
,602,GA,GM,105,FRAXX,1,1,J2094,J2094,3,,
,602,GA,GM,105,LIGVU,1,0,-,-,100,,
,602,GA,GM,105,FRAXX,1,0,-,-,3,,
,602,GA,GM,105,MALXX,1,0,-,-,18,,
,602,GA,GM,105,BERTH,1,0,-,-,150,,
,602,GA,GM,105,ROSMU,1,0,-,-,200,,
,602,GA,GM,105,MALXX,1,1,J2095,J2095,450,,
,602,GA,GM,105,BERTH,1,0,-,-,140,,
,602,GA,GM;KD,105,MALXX,1,2,J2096,J2097,250,,
,602,GA,GM;KD,105,BERTH,1,0,-,-,100,,
,602,GA,GM;KD,105,VIBLE,1,2,J2098,J2099,300,Photograph J2099,
,602,GA,GM;KD,105,PRUSE,1,0,-,-,200,,
,602,GA,GM;KD,105,FRAAM,1,1,J2100,J2100,9,,
,602,GA,GM;KD,105,PRUSE,1,1,J2101,J2101,50,,
,602,GA,GM;KD,105,CRAXX,1,0,-,-,30,,
,602,GA,GM;KD,105,ROSMU,1,1,J2102,J2102,300,S photograph,
,602,GA,GM;KD,105,MALXX,2,0,-,-,800,,WAS THIS A 2
,602,GA,GM;KD,105,ROSMU,1,1,J2103,J2103,150,,
5,602,HW,RP,105,BERTH,1,1,J2125,J2125,400,,
,602,HW,RP,105,MALXX,1,2,J2126,J2127,170,,
,602,HW,RP,105,MALXX,2,2,J2128,J2129,60,,
,602,HW,RP,105,ROSMU,1,0,-,-,120,,
,602,HW,RP,105,MALXX,1,3,J2130,J2132,300,,
,602,HW,RP,105,MALXX,1,2,J2133,J2134,200,,
,602,HW,RP,105,ROSMU,1,3,J2135,J2137,400,,
,602,HW,RP,105,RUBXX,1,1,J2138,J2138,60,,
,602,HW,RP,105,RUBXX,1,0,-,-,80,,
,602,HW,RP,105,RUBXX,1,0,-,-,80,,
,602,HW,RP,105,LIGVU,1,1,J2139,J2139,350,,
,602,HW,RP,105,LIGVU,1,0,-,-,350,,
,602,HW,RP,105,LIGVU,1,0,-,-,150,,
,602,HW,RP,105,LONMO,1,0,-,-,40,,
,602,HW,RP,105,MALXX,1,1,J2140,J2140,60,,
6,603,GA,KD;RG,108,BERTH,1,1,J2187,J2187,1000,,
,603,GA,KD;RG,108,BERTH,1,0,-,-,1000,,
,603,GA,KD;RG,108,BERTH,1,0,-,-,700,,
,603,GA,KD;RG,108,BERTH,1,0,-,-,1011,,
,603,GA,KD;RG,108,BERTH,1,0,-,-,1005,,
,603,GA,KD;RG,108,BERTH,1,0,-,-,900,,
,603,GA,KD;RG,108,BERTH,1,0,-,-,1050,,
,603,GA,KD;RG,108,BERTH,1,0,-,-,200,,
,604,ML,PD;HW,109,BERTH,1,1,J2249,J2249,600,,
,604,ML,PD;HW,109,BERTH,1,0,-,-,150,,
,604,ML,PD;HW,109,VIBLE,1,0,-,-,35,,
,604,ML,PD;HW,109,VIBLE,2,0,-,-,20,,
,604,ML,PD;HW,109,BERTH,1,0,-,-,350,,
,604,ML,PD;HW,109,FRAAM,1,0,-,-,50,,
,604,ML,PD;HW,109,FRAAM,2,0,-,-,30,,
,604,ML,PD;HW,109,BERTH,1,0,-,-,800,,
,604,ML,PD;HW,109,BERTH,1,0,-,-,350,,
,604,ML,PD;HW,109,MALXX,1,0,-,-,50,,
,602,GA,GM;KD,105,ROSMU,1,0,-,-,500,,
,602,GA,GM;KD,105,EUOAL,1,0,-,-,400,,
,602,GA,GM;KD,105,LIGVU,1,1,J2103,J2103,500,,
,602,GA,GM;KD,105,AMELA,1,0,-,-,60,,
,603,RP,PD,108,BERTH,1,0,-,-,300,,
,603,RP,PD,108,BERTH,2,2,J2218,J2219,300,,
,603,RP,PD,108,BERTH,3,0,-,-,300,,
,603,RP,PD,108,BERTH,4,0,-,-,200,,
,603,RP,PD,108,BERTH,1,0,-,-,250,,
,603,RP,PD,108,BERTH,2,0,-,-,300,,
,603,RP,PD,108,BERTH,1,0,-,-,300,,
,603,RP,PD,108,BERTH,2,0,-,-,400,,
,603,RP,PD,108,BERTH,1,1,J2220,J2220,500,,
,604,HW,RG,111,BERTH,1,0,-,-,300,,
,604,HW,RG,111,VIBDI,1,0,-,-,30,,
,604,HW,RG,111,BERTH,1,3,J2280,J2282,1200,,
,604,HW,RG,111,BERTH,1,0,-,-,160,,
,604,HW,RG,111,BERTH,1,0,-,-,600,,
,604,HW,RG,111,LIGVU,1,0,-,-,70,,
,604,HW,RG,111,VIBDI,1,0,-,-,130,,
,604,HW,RG,111,VIBDI,1,0,-,-,40,,
,604,HW,RG,111,VIBDI,2,0,-,-,230,,
,604,HW,RG,111,VIBDI,3,0,-,-,200,,
,604,HW,RG,111,VIBDI,1,0,-,-,200,,
,604,HW,RG,111,BERTH,1,1,J2283,J2283,600,,
,607,HW,PD,112,ROSMU,1,0,-,-,50,,
,607,HW,PD,112,BERTH,1,0,-,-,500,,
,607,HW,PD,112,VIBAC,1,0,-,-,40,,
,607,HW,PD,112,BERTH,1,0,-,-,310,,
,607,HW,PD,112,ROSMU,1,1,J2342,J2342,100,,
,607,HW,PD,112,ROSMU,2,0,-,-,70,,
,607,HW,PD,112,ROSMU,3,1,J2343,J2343,45,,
,607,HW,PD,112,ROSMU,1,0,-,-,40,,
7,603,ML,ML,106,RUBAL,1,0,-,-,20,,
,603,ML,ML,106,BERTH,1,0,-,-,300,,
,603,ML,ML,106,RUBAL,1,0,-,-,30,,
,603,ML,ML,106,RUBAL,1,3,J2156,J2158,30,,
,603,PD,ML,106,VIBPI,1,0,-,-,80,,
,603,PD,ML,106,VIBPI,1,0,-,-,110,,
,603,PD,ML,106,RUBAL,1,3,J2159,J2161,9,,
,603,PD,ML,106,BERTH,1,0,-,-,200,,
,603,PD,ML,106,BERTH,1,0,-,-,400,,
,603,PD,ML,106,VIBPI,1,0,-,-,100,,
,603,PD,ML,106,VIBPI,2,0,-,-,50,,
,603,PD,ML,106,BERTH,1,0,-,-,500,,
,603,PD,ML,106,VIBPI,1,0,-,-,300,,
,603,PD,ML,106,VIBDI,1,1,J2162,J2162,100,,
,603,PD,ML,106,VIBPI,1,0,-,-,300,,
,603,PD,ML,106,ROSMU,1,0,-,-,50,,
,603,PD,ML,106,PRUSE,1,5,J2163,J2167,100,,
,603,PD,ML,106,PRUSE,2,2,J2168,J2169,130,,
,603,PD,ML,106,PRUSE,1,6,J2170,J2175,140,,
,603,PD,ML,106,BERTH,1,0,-,-,250,,
,603,PD,ML,107,VIBAC,1,0,-,-,45,,
,603,PD,ML,107,VIBAC,1,0,-,-,20,,
,603,PD,ML,107,VIBAC,1,0,-,-,30,,
,603,PD,ML,107,VIBAC,1,0,-,-,20,,
,603,PD,ML,107,AMECA,1,1,J2176,J2176,10,,
,603,PD,ML,107,AMECA,1,1,J2177,J2177,16,,
,603,PD,ML,107,VIBAC,1,0,-,-,20,,
,603,PD,ML,107,VIBAC,1,0,-,-,10,,
,603,PD,ML,107,AMECA,1,1,J2178,J2178,35,,
,603,PD,ML,107,AMEAR,1,1,J2179,J2179,300,,
,603,PD,ML,107,AMECA,1,0,-,-,60,,
8,604,ML,PD;HW,109,MALXX,2,0,-,-,50,cont. from page 5,
,604,ML,PD;HW,109,VIBLE,1,3,J2250,J2252,100,,
,604,ML,PD;HW,109,BERTH,1,0,-,-,150,,
,604,ML,PD;HW,109,BERTH,1,1,J2253,J2253,800,,
,604,ML,PD;HW,109,BERTH,1,0,-,-,750,,
,604,ML,PD;HW,109,BERTH,1,0,-,-,1000,,
,604,ML,PD;HW,109,ROSMU,1,1,J2254,J2254,130,,
,604,ML,PD;HW,109,BERTH,1,0,-,-,250,,
,604,ML,PD;HW,109,LONMO,1,0,-,-,150,,
,604,ML,PD;HW,109,LONMO,2,1,J2255,J2255,75,,
,604,ML,PD;HW,109,ROSMU,2,1,J2256,J2256,70,,
,604,ML,PD;HW,109,LONMO,3,0,-,-,100,,
,604,ML,PD;HW,109,BERTH,1,0,-,-,400,,
,604,ML,PD;HW,109,BERTH,1,1,J2257,J2258,320,,NUMBERING ERROR?
,604,ML,PD;HW,110,VIBAC,1,0,-,-,60,,
,604,ML,PD;HW,110,EUOAL,1,2,J2259,J2260,200,,
,604,ML,PD;HW,110,VIBDI,1,0,-,-,150,,
,604,ML,PD;HW,110,VIBDI,2,0,-,-,70,,
,604,ML,PD;HW,110,VIBDI,3,0,-,-,200,,
,604,ML,PD;HW,110,EUOAL,2,0,-,-,180,,
,604,ML,PD;HW,110,ROSMU,1,0,-,-,70,,
,604,ML,PD;HW,110,RUBXX,1,0,-,-,26,,
,604,ML,PD;HW,110,RUBXX,1,0,-,-,20,,
,604,ML,PD;HW,110,VIBAC,1,0,-,-,20,,
,604,ML,PD;HW,110,RUBXX,1,0,-,-,15,,
,604,ML,PD;HW,110,VIBAC,1,0,-,-,80,,
,604,ML,PD;HW,110,VIBAC,1,1,J2261,J2261,50,,
,604,ML,PD;HW,110,VIBAC,1,2,J2262,J2263,80,,
,604,ML,PD;HW,110,ROSMU,1,0,-,-,100,,
,604,ML,PD;HW,110,FRAAM,1,2,J2264,J2265,20,,
,604,ML,PD;HW,110,FRAAM,1,0,-,-,9,,
,604,ML,PD;HW,110,FRAAM,1,4,J2266,J2269,20,,
,604,ML,PD;HW,110,FRAAM,2,2,J2270,J2271,30,,
9,604,ML,PD;HW,110,VIBAC,1,0,-,-,64,,
,604,ML,PD;HW,110,FRAAM,1,1,J2272,J2272,14,,
,604,ML,PD;HW,110,FRAAM,2,2,J2273,J2274,13,,
,604,ML,PD;HW,110,FRAAM,3,0,-,-,28,,
,604,ML,PD;HW,110,PRUSE,1,0,-,-,23,,
,604,ML,PD;HW,110,PRUSE,1,0,-,-,90,,
,604,GA,RP;PD,111,LIGVU,1,0,-,-,100,,
,604,GA,RP;PD,111,LIGVU,1,0,-,-,250,,
,604,GA,RP;PD,111,ROSMU,1,0,-,-,200,,
,604,GA,RP;PD,111,LIGVU,1,0,-,-,260,,
,604,GA,RP;PD,111,BERTH,1,0,-,-,400,,
,604,GA,RP;PD,111,VIBDI,1,0,-,-,50,,
,604,GA,RP;PD,111,BERTH,1,0,-,-,400,,
,604,GA,RP;PD,111,VIBDI,1,0,-,-,15,,
,604,GA,RP;PD,111,BERTH,1,0,-,-,200,,
,604,GA,RP;PD,111,BERTH,1,0,-,-,1000,,
,604,GA,RP;PD,111,VIBDI,1,0,-,-,600,,
,604,GA,RP;PD,111,VIBDI,1,0,-,-,500,,
,604,GA,RP;PD,111,BERTH,1,0,-,-,1050,,
,604,GA,RP;PD,111,BERTH,1,1,J2275,J2275,2000,,
,604,GA,RP;PD,111,VIBDI,1,1,J2276,J2276,120,,
,604,GA,RP;PD,111,BERTH,1,0,-,-,1200,,
,604,GA,RP;PD,111,VIBDI,2,0,-,-,350,lots of ants,
,604,GA,RP;PD,111,VIBDI,1,0,-,-,300,,
,604,GA,RP;PD,111,VIBDI,1,0,-,-,200,,
,604,GA,RP;PD,111,VIBDI,1,0,-,-,250,,
,607,AH,PD;KD,112,VIBAC,1,2,J2311,J2312,30,,
,607,AH,PD;KD,112,ROSMU,1,0,-,-,15,,
,607,AH,PD;KD,112,BERTH,1,0,-,-,100,,
,607,AH,PD;KD,112,BERTH,1,0,-,-,200,,
,607,AH,PD;KD,112,BERTH,1,0,-,-,100,,
,607,AH,PD;KD,112,ROSMU,1,0,-,-,15,,
,607,AH,PD;KD,112,ROSMU,1,0,-,-,6,,
19,609,AO,HW,118,FRAAM,1,1,J2528,J2528,26,,
,609,AO,HW,118,FRAAM,1,0,-,-,8,,
,609,AO,HW,118,VIBAC,1,0,-,-,24,,
,609,AO,HW,118,FRAAM,1,0,-,-,6,,
,609,AO,HW,118,VIBAC,1,1,J2529,J2529,32,,
,609,AO,HW,118,VIBAC,1,0,-,-,80,,
,609,AO,HW,118,FRAAM,1,0,-,-,10,,
,609,AO,HW,118,FRAAM,1,1,J2530,J2530,14,Death by parasatoid; S,
,609,AO,HW,118,FRAAM,1,1,J2531,J2531,6,Pupa,
,609,AO,HW,118,VIBAC,1,4,J2532,J2535,100,,
,609,AO,HW,118,VIBAC,1,3,J2536,J2537,80,Cat count correct; includes J2540,
,609,AO,HW,118,VIBAC,1,0,-,-,120,,
,609,AO,HW,118,VIBAC,1,0,-,-,180,,
,609,AO,HW,118,VIBAC,1,0,-,-,210,,
,609,AO,HW,118,VIBAC,1,1,J2538,J2538,250,,
,609,AO,HW,118,VIBAC,1,1,J2539,J2539,90,,
,609,AO,HW,118,VIBAC,1,1,J2540,J2540,80,,
,609,AO,HW,118,VIBAC,1,2,J2541,J2542,30,,
,609,AO,HW,118,VIBAC,1,1,J2543,J2543,60,,
,609,AO,HW,118,LIGVU,1,0,-,-,70,,
,609,AO,HW,118,LIGVU,2,1,J2544,J2544,150,,
,609,AO,HW,118,LIGVU,3,0,-,-,130,,
,609,AO,HW,118,RUBXX,1,0,-,-,60,,
,609,AO,HW,118,LIGVU,1,0,-,-,50,,
,609,AO,HW,118,RUBXX,1,4,J2545,J2548,160,,
,609,AO,HW,118,LIGVU,1,0,-,-,205,,
,609,AO,HW,118,PRUSE,1,0,-,-,30,,
,609,AO,HW,118,PRUSE,2,0,-,-,150,,
,609,AO,HW,118,PRUSE,3,4,J2549,J2552,2,,
20,609,PD,RP,118,FRAAM,1,0,-,-,4,,
,609,PD,RP,118,VIBAC,1,0,-,-,65,,
,609,RP,PD,118,VIBAC,1,0,-,-,50,,
,609,RP,PD,118,VIBAC,1,0,-,-,60,,
,609,RP,PD,118,FRAAM,1,1,J2497,J2497,5,,
,609,RP,PD,118,VIBAC,1,0,-,-,50,,
,609,RP,PD,118,VIBAC,1,1,J2498,J2498,40,Filled w parasatoids,
,609,RP,PD,118,VIBAC,1,0,-,-,20,,
,609,RP,PD,118,VIBAC,1,0,-,-,80,,
,609,RP,PD,118,VIBAC,1,0,-,-,20,,
,609,RP,PD,118,FRAAM,1,0,-,-,2,,
,609,RP,PD,118,FRAAM,1,0,-,-,4,,
,609,RP,PD,118,ROSMU,1,1,J2499,J2499,60,Parasatoid w dead cat,
,609,RP,PD,118,BERTH,1,0,-,-,300,,
,609,RP,PD,118,VIBAC,1,0,-,-,40,,
,609,RP,PD,118,FRAAM,1,1,J2500,J2500,20,,
,609,RP,PD,118,VIBAC,1,1,J2501,J2501,40,,
,609,RP,PD,118,BERTH,1,1,J2502,J2502,850,,
,609,RP,PD,118,VIBAC ,1,1,J2503,J2503,40,Non descript green,
,609,RP,PD,118,VIBAC,1,1,J2504,J2504,20,,
,609,RP,PD,118,VIBAC,1,0,-,-,40,,
,609,RP,PD,118,VIBAC,1,0,-,-,30,,
,609,RP,PD,118,BERTH,1,0,-,-,250,,
,609,RP,PD,118,VIBAC,1,0,-,-,50,,
,609,RP,PD,118,VIBAC,1,0,-,-,20,,
,609,RP,PD,118,VIBAC,1,0,-,-,70,,
,609,RP,PD,118,VIBAC,1,0,-,-,40,,
,609,RP,PD,118,VIBAC,1,1,J2505,J2505,40,,
,609,RP,PD,118,VIBAC,1,0,-,-,50,,
,609,RP,PD,119,BERTH,1,2,J2506,J2507,2000,A lot of really small cats,
,609,RP,PD,119,RUBXX,1,2,J2508,J2509,60,,
,609,RP,PD,119,ROSMU,1,3,J2510,J2512,80,,
,609,RP,PD,119,BERTH,1,0,-,-,700,,
21,609,RP,PD,119,ROSMU,1,0,-,-,60,,
,609,RP,PD,119,BERTH,1,1,J2513,J2513,600,,
,609,RP,PD,119,VIBPL,1,0,-,-,90,,
,618,RP,PD; GM,136,ROSMU,1,0,-,-,250,,
,618,RP,PD; GM,136,BERTH,1,0,-,-,250,,
,618,RP,PD; GM,136,BERTH,1,0,-,-,200,,
,618,RP,PD; GM,136,BERTH,1,0,-,-,1000,,
,618,RP,PD; GM,136,ROSMU,1,0,-,-,100,,
,618,RP,PD; GM,136,PRUSE,1,0,-,-,120,,
,618,RP,PD; GM,136,BERTH,1,0,-,-,1000,,
,618,RP,PD; GM,136,PRUSE,2,1,J2875,J2875,400,,
,618,RP,PD; GM,136,BERTH,1,0,-,-,500,,
,618,RP,PD; GM,136,LIGVU,1,0,-,-,100,,
,618,RP,PD; GM,136,PRUSE,3,1,J2876,J2876,200,,
,618,RP,PD; GM,136,VIBDI,1,0,-,-,80,,
,618,RP,PD; GM,136,ROSMU,1,0,-,-,120,,
,618,RP,PD; GM,136,ROSMU,1,2,J2877,J2878,60,,
,618,RP,PD; GM,136,BERTH,1,0,-,-,500,,
,618,RP,PD; GM,136,ROSMU,1,1,J2879,J2879,30,,
,618,ML,ML,136,ROSMU,1,1,J2880,J2880,120,,
22,610,DR,ML,120,VIBPL,1,0,-,-,150,,
,610,DR,ML,120,LIGVU,1,0,-,-,350,,
,610,DR,ML,120,LIGVU,1,0,-,-,100,,
,610,DR,ML,120,VIBPL,1,0,-,-,200,,
,610,DR,ML,120,VIBPL,1,0,-,-,150,,
,610,DR,ML,120,VIBPL,1,0,-,-,80,,
,610,DR,ML,120,LIGVU,1,0,-,-,200,,
,610,DR,ML,120,VIBDI,1,1,J2559,J2559,350,,
,610,DR,ML,120,VIBPL,1,0,-,-,150,,
,610,DR,ML,120,LIGVU,1,0,-,-,350,,
,610,DR,ML,120,LIGVU,2,0,-,-,400,,
,610,DR,ML,120,ROSMU,1,0,-,-,300,,
,610,DR,ML,120,VIBPL,1,1,J2560,J2561,200,,
,610,DR,ML,120,BERTH,1,3,J2562,J2564,700,,
,610,DR,ML,120,LIGVU,1,0,-,-,300,,
,610,DR,ML,120,LIGVU,1,0,-,-,150,,
,610,DR,ML,120,MALXX,1,0,-,-,300,,
,610,DR,ML,120,BERTH,1,0,-,-,600,,
,610,DR,ML,120,ROSMU,1,1,J2565,J2565,100,,
,610,DR,ML,120,LIGVU,1,0,-,-,270,,
,610,DR,ML,120,FRAAM,1,0,-,-,40,,
,610,DR,ML,120,FRAAM,1,0,-,-,35,,
,610,DR,ML,120,PRUSE,1,1,J2566,J2566,80,,
,610,DR,DR,121,CRAXX,1,0,-,-,20,,
,610,DR,DR,121,PRUSE,1,0,-,-,40,,
,610,DR,DR,121,FRAXX,1,0,-,-,2,,
,610,DR,DR,121,PRUSE,1,0,-,-,40,,
,610,DR,DR,121,PRUSE,2,0,-,-,20,,
,610,DR,DR,121,AMEXX,1,1,J2567,J2567,30,,
,610,DR,DR,121,PRUSE,1,0,-,-,50,,
,610,DR,DR,121,CRAXX,1,0,-,-,50,,
,610,DR,DR,122,BERTH,1,0,-,-,400,,
,610,DR,DR,122,VIBDI,1,0,-,-,30,,
23,610,DR,DR,122,FRAXX,1,0,-,-,2,,
,610,DR,DR,122,FRAXX,1,0,-,-,2,,
,610,DR,DR,122,FRAXX,1,0,-,-,4,,
,610,DR,DR,122,CRAXX,1,1,J2568,J2568,20,,
,610,DR,DR,122,FRAXX,1,0,-,-,2,SEVERED MUMMIFIED FLIES,
,616,HW,AO,129,VIBDI,1,0,-,-,50,,
,616,HW,AO,129,VIBDI,2,0,-,-,115,,
,616,HW,AO,129,VIBDI,3,0,-,-,200,LOTS OF BEETLES,
,616,HW,AO,129,BERTH,1,0,-,-,210,,
,616,HW,AO,129,BERTH,2,0,-,-,220,,
,616,HW,AO,129,BERTH,3,0,-,-,60,,
,616,HW,AO,129,BERTH,4,1,J2745,J2745,400,LOTS OF BEETLES,
,616,HW,AO,129,ROSMU,1,0,-,-,40,,
,616,HW,AO,129,VIBLA,1,1,J2746,J2746,85,,
,616,HW,AO,129,VIBLA,2,0,-,-,50,,
,616,HW,AO,129,RUBXX,1,2,J2747,J2748,10,,
,616,HW,AO,129,RUBPH,1,0,-,-,40,,
,616,HW,AO,129,RUBPH,2,0,-,-,70,,
,616,HW,AO,129,ROSMU,1,0,-,-,17,,
,616,HW,AO,129,FRAXX,1,2,J2749,J2750,30,,
,616,HW,AO,129,FRAXX,2,0,-,-,17,,
,616,HW,AO,129,FRAXX,3,0,-,-,30,,
,616,HW,AO,129,LIGVU,1,0,-,-,300,,
,616,HW,AO,129,ROSMU,1,0,-,-,20,,
,616,HW,AO,129,ROSMU,2,0,-,-,75,,
,616,HW,AO,129,ROSMU,1,0,-,-,60,,
,616,HW,AO,129,RUBXX,1,0,-,-,30,EARWIGS,
,616,HW,AO,129,RUBXX,2,0,-,-,25,,
,616,HW,AO,129,RUBXX,1,0,-,-,15,,
,616,HW,AO,129,LIGVU,1,0,-,-,60,,
,616,HW,AO,129,LIGVU,1,0,-,-,70,,
10,607,KD,PD,114,VIBDI,1,0,-,-,130,,
,607,KD,PD,114,VIBDI,1,0,-,-,250,,
,607,KD,PD,114,VIBDI,1,0,-,-,180,,
,607,KD,PD,114,VIBDI,1,0,-,-,350,,
,607,KD,PD,114,VIBDI,2,0,-,-,100,,
,607,KD,PD,114,VIBDI,1,0,-,-,120,,
,607,KD,PD,114,ROSMU,1,0,-,-,130,,
,607,KD,PD,114,EUOAL,1,0,-,-,300,,
,607,KD,PD,114,LONMO,1,0,-,-,200,,
,607,KD,PD,114,LIGVU,1,0,-,-,230,,
,607,KD,PD,114,MALXX,1,0,-,-,150,,
,608,SB,"AH,KD",115,FRAXX,1,1,J2373,J2373,4,,
,608,SB,"AH,KD",115,FRAXX,1,0,-,-,2,,
,608,SB,"AH,KD",115,BERTH,1,0,-,-,170,,
,608,SB,"AH,KD",115,FRAXX,1,0,-,-,4,,
,608,SB,"AH,KD",115,BERTH,1,0,-,-,360,,
,608,SB,"AH,KD",115,VIBAC,1,0,-,-,15,,
,608,SB,"AH,KD",115,VIBAC,1,0,-,-,20,,
,608,SB,"AH,KD",115,CRAXX,1,0,-,-,20,,
,608,SB,"AH,KD",115,PRUSE,1,1,J2374,J2374,20,,
,608,SB,"AH,KD",115,PRUSE,1,0,-,-,10,,
,608,SB,"AH,KD",115,AMEXX,1,0,-,-,20,,
,608,SB,"AH,KD",115,BERTH,1,0,-,-,340,,
,608,SB,"AH,KD",115,BERTH,2,0,-,-,510,,
,608,SB,"AH,KD",115,PRUSE,1,0,-,-,10,,
,608,AH,"KH,SB",115,BERTH,1,1,J2375,J2375,600,,
,608,AH,"KH,SB",115,FRAXX,1,0,-,-,3,,
,608,AH,"KH,SB",115,BERTH,1,0,-,-,400,,
,608,AH,"KH,SB",115,VIBAC,1,0,-,-,20,,
,608,AH,"KH,SB",115,FRAXX,1,0,-,-,4,,
,608,AH,"KH,SB",115,FRAXX,1,0,-,-,2,,
,608,AH,"KH,SB",115,BERTH,1,0,-,-,400,,
,608,AH,"KH,SB",115,FRAXX,1,0,-,-,4,,
11,607,KD,"AH,DR",112,FRAXX,1,0,-,-,2,,
,607,KD,"AH,DR",112,EUOAL,1,0,-,-,42,,
,607,KD,"AH,DR",112,VIBAC,1,0,-,-,20,,
,607,KD,"AH,DR",112,EUOAL,1,0,-,-,15,,
,607,KD,"AH,DR",112,FRAXX,1,0,-,-,2,,
,607,DR,"AH,KD",113,VIBDI,1,2,J2317,J2318,40,,
,607,DR,"AH,KD",113,VIBDI,2,0,-,-,40,,
,607,DR,"AH,KD",113,VIBDI,3,1,J2319,J2319,60,,
,607,DR,"AH,KD",113,FRAAM,1,2,J2320,J2321,20,,
,607,DR,"AH,KD",113,VIBAC,1,0,-,-,20,,
,607,DR,"AH,KD",113,VIBAC,2,0,-,-,20,,
,607,DR,"AH,KD",113,RUBAL,1,0,-,-,10,,
,607,DR,"AH,KD",113,RUBAL,1,1,J2322,J2322,6,,
,607,DR,"AH,KD",113,RUBAL,1,0,-,-,20,,
,607,DR,"AH,KD",113,RUBAL,1,0,-,-,20,,
,607,DR,"AH,HW",114,ROSMU,1,0,-,-,30,,
,607,DR,"AH,HW",114,ROSMU,1,2,J2323,J2324,10,,
,607,DR,"AH,HW",114,ROSMU,2,1,J2325,J2325,30,,
,607,DR,"AH,HW",114,MALXX,1,0,-,-,15,,
,607,DR,"AH,HW",114,VIBDI,1,0,-,-,60,,
,607,DR,"AH,HW",114,LIGVU,1,0,-,-,150,,
,607,DR,"AH,HW",114,EUOAL,1,0,-,-,40,,
,607,DR,"AH,HW",114,ROSMU,1,1,J2326,J2326,60,SUN FORM,
,607,DR,"AH,HW",114,LIGVU,1,0,-,-,60,,
,607,DR,"AH,HW",114,LIGVU,1,0,-,-,300,,
,607,DR,"AH,HW",114,LIGVU,1,0,-,-,200,,
,607,AH,"DR,HW",114,LIGVU,1,0,-,-,300,,
,607,AH,"DR,HW",114,EUOAL,1,0,-,-,75,,
,607,AH,"DR,HW",114,VIBAC,1,0,-,-,15,,
,607,AH,"DR,HW",114,ROSMU,1,0,-,-,50,,
,607,AH,"DR,HW",114,VIBDI,1,0,-,-,250,,
,607,AH,"DR,HW",114,MALXX,1,0,-,-,100,,
,607,AH,"DR,HW",114,VIBDI,1,1,J2327,J2327,300,,
12,607,HW,PD,112,ROSMU,1,0,-,-,70,,
,607,HW,PD,112,CRAXX,1,0,-,-,60,,
,607,HW,PD,112,ROSMU,1,0,-,-,50,,
,607,HW,PD,112,ROSMU,1,0,-,-,85,,
,607,HW,PD,112,VIBLE,1,0,-,-,60,,
,607,HW,PD,112,ROSMU,1,1,J2344,J2344,50,,
,607,HW,PD,112,VIBAC,1,0,-,-,50,,
,607,HW,PD,112,ROSMU,1,0,-,-,80,,
,607,HW,PD,112,ROSMU,2,0,-,-,110,,
,607,HW,PD,112,VIBDE,1,0,-,-,50,MANY ANTS,
,607,HW,PD,112,VIBAC,1,1,J2345,J2345,50,,
,607,HW,PD,112,VIBAC,1,0,-,-,30,,
,607,HW,PD,112,VIBAC,1,0,-,-,30,,
,607,HW,PD,112,BERTH,1,0,-,-,400,,
,607,HW,PD,112,BERTH,1,0,-,-,1200,,
,607,HW,PD,112,BERTH,1,1,J2346,J2346,2000,,
,607,HW,PD,112,VIBAC,1,2,J2347,J2348,50,,
,607,HW,PD,112,VIBAC,1,2,J2349,J2350,60,,
,607,HW,PD,112,VIBAC,1,2,J2351,J2352,40,,
,607,PD,HW,113,VIBPL,1,0,-,-,150,,
,607,PD,HW,113,CELOR,1,1,J2353,J2353,6,COULD ALSO BE FROM VIBPL,
,607,PD,HW,113,VIBPL,2,0,-,-,200,ANTS (LOTS),
,607,PD,HW,113,VIBPL,3,2,J2354,J2355,100,,
,607,PD,HW,113,VIBPL,4,2,J2356,J2357,175,,
,607,PD,HW,113,VIBPL,1,0,-,-,60,,
,607,PD,HW,113,VIBPL,2,0,-,-,175,,
,607,KD,PD,114,VIBDI,1,0,-,-,200,,
,607,KD,PD,114,VIBDI,1,0,-,-,250,,
,607,KD,PD,114,VIBDI,1,0,-,-,250,,
,607,KD,PD,114,VIBDI,1,1,J2358,J2358,200,,
,607,KD,PD,114,VIBDI,1,0,-,-,170,,
,607,KD,PD,114,VIBDI,1,0,-,-,180,,
,607,KD,PD,114,VIBDI,1,2,J2359,J2360,130,,
13,607,AH,PD; KD,112,FRAXX,1,0,-,-,2,,
,607,AH,PD; KD,112,FRAXX,1,0,-,-,4,,
,607,AH,PD; KD,112,VIBAC,1,0,-,-,15,,
,607,AH,PD; KD,112,AMEXX,1,0,-,-,61,,
,607,AH,PD; KD,112,AMEXX,1,0,-,-,40,,
,607,AH,PD; KD,112,AMEXX,2,0,-,-,70,,
,607,AH,PD; KD,112,LONMO,1,0,-,-,35,,
,607,AH,PD; KD,112,LONMO,1,0,-,-,60,,
,607,AH,PD; KD,112,LONMO,2,0,-,-,60,,
,607,AH,PD; KD,112,LONMO,3,0,-,-,70,,
,607,AH,PD; KD,112,MALXX,1,0,-,-,100,,
,607,AH,PD; KD,112,VIBDE,1,0,-,-,50,,
,607,AH,PD; KD,112,VIBDE,2,0,-,-,50,,
,607,AH,PD; KD,112,MALXX,1,0,-,-,40,,
,607,AH,PD; KD,112,VIBAC,1,0,-,-,50,,
,607,AH,PD; KD,112,VIBAC,1,0,-,-,20,,
,607,AH,PD; KD,112,AMEXX,1,2,2313,2314,25,,
,607,AH,PD; KD,112,VIBAC,1,1,2315,2315,20,,
,607,AH,PD; KD,112,BERTH,1,0,-,-,200,,
,607,KD,PD; AH,112,BERTH,1,0,-,-,200,,
,607,KD,PD; AH,112,BERTH,1,0,-,-,200,,
,607,KD,PD; AH,112,VIBAC,1,0,-,-,20,,
,607,KD,PD; AH,112,VIBAC,1,0,-,-,35,,
,607,KD,PD; AH,112,VIBAC,1,0,-,-,30,,
,607,KD,PD; AH,112,ROSMU,1,0,-,-,20,,
,607,KD,PD; AH,112,ROSMU,1,0,-,-,20,,
,607,KD,PD; AH,112,BERTH,1,0,-,-,200,,
,607,KD,PD; AH,112,VIBAC,1,0,-,-,20,,
,607,KD,PD; AH,112,ROSMU,1,0,-,-,20,,
,607,KD,PD; AH,112,ROSMU,2,1,J2316,J2316,20,,
,607,KD,PD; AH,112,BERTH,1,0,-,-,15,,
,607,KD,PD; AH,112,FRAXX,1,0,-,-,2,,
,607,KD,PD; AH,112,FRAXX,1,0,-,-,2,,
14,608,AH,KD,T115,FRAXX,1,0,-,-,6,,
,608,AH,KD,T115,FRAXX,1,1,J2376,J2376,4,,
,608,AH,KD,T115,BERTH,1,0,-,-,270,,
,608,AH,KD,T115,BERTH,1,0,-,-,100,,
,608,AH,KD,T115,BERTH,1,1,J2377,J2377,190,,
,608,AH,KD,T115,MALXX,1,0,-,-,60,,
,608,AH,KD; SB,T116,VIBDE,1,0,-,-,20,,
,608,AH,KD; SB,T116,VIBAC,1,0,-,-,30,,
,608,AH,KD; SB,T116,AMEXX,1,0,-,-,15,,
,608,AH,KD; SB,T116,FRAXX,1,0,-,-,6,,
,608,AH,KD; SB,T116,FRAXX,1,0,-,-,6,,
,608,AH,KD; SB,T116,EUOAL,1,0,-,-,20,,
,608,AH,KD; SB,T116,EUOAL,1,0,-,-,20,,
,608,AH,KD; SB,T116,MALXX,1,0,-,-,50,,
,608,AH,KD; SB,T116,AMEXX,1,0,-,-,25,,
,608,SB,KD,T117,AMEXX,1,0,-,-,70,,
,608,SB,KD,T117,AMEXX,1,0,-,-,60,,
,608,SB,KD,T117,AMEXX,1,0,-,-,50,,
,608,SB,KD,T117,MALXX,1,0,-,-,200,,
,608,SB,KD,T117,MALXX,2,0,-,-,280,,
,608,SB,KD,T117,MALXX,3,0,-,-,300,,
15,608,RP,AO,117,AMECA,1,0,-,-,30,,
,608,RP,AO,117,AMECA,1,0,-,-,50,,
,608,RP,AO,117,VIBAC,1,0,-,-,30,,
,608,RP,AO,117,VIBAC,1,0,-,-,10,,
,608,RP,AO,117,VIBAC,1,0,-,-,10,,
,608,RP,AO,117,FRAAM,1,0,-,-,10,,
,608,RP,AO,117,VIBAC,1,1,J2412,J2412,20,DEAD BY ANT,
16,608,PD,GM,115,VIBDI,1,0,-,-,300,,
,608,PD,GM,115,VIBDI,1,0,-,-,150,,
,608,PD,GM,115,BERTH,1,0,-,-,300,,
,608,PD,GM,115,FRAAM,1,0,-,-,4,,
,608,PD,GM,115,EUOAL,1,0,-,-,50,,
,608,PD,GM,115,BERTH,1,0,-,-,250,,
,608,PD,GM,115,FRAAM,1,0,-,-,4,,
,608,PD,GM,115,BERTH,1,0,-,-,150,,
,608,PD,GM,115,BERTH,1,1,J2435,J2435,300,,
,608,PD,GM,115,FRAAM,1,0,-,-,43,,
,608,PD,GM,115,BERTH,1,0,-,-,75,,
,608,PD,GM,115,BERTH,1,0,-,-,250,,
,608,PD,GM,115,BERTH,1,0,-,-,500,,
,608,PD,GM,115,BERTH,1,1,J2436,J2436,200,,
,608,PD,GM,115,BERTH,1,0,-,-,600,,
,608,PD,GM,115,BERTH,1,1,J2437,J2437,450,,
,608,PD,GM,115,BERTH,1,0,-,-,500,,
,608,PD,GM,115,BERTH,1,2,J2438,J2439,1000,,
,608,PD,GM,115,FRAAM,1,2,J2440,J2441,10,,
,608,PD,GM,115,MALXX,1,0,-,-,100,,
,608,PD,GM,116,VIBAC,1,0,-,-,20,,
,608,PD,GM,116,RUBXX,1,0,-,-,7,,
,608,PD,GM,116,BERTH,1,0,-,-,500,,
,608,PD,GM,116,MALXX,1,2,J2442,J2443,300,,
,608,PD,GM,116,VIBDI,1,0,-,-,75,,
,608,PD,GM,116,VIBDI,2,1,J2444,J2444,125,,
,608,PD,GM,116,BERTH,1,0,-,-,100,,
,608,PD,GM,116,EUOAL,1,0,-,-,80,,
,608,PD,GM,117,VIBAC,1,0,-,-,8,,
,608,PD,GM,117,PRUSE,1,0,-,-,20,,
,608,PD,GM,117,AMEXX,1,0,-,-,30,,
,608,PD,GM,117,AMEXX,1,0,-,-,40,,
,608,PD,GM,117,VIBAC,1,0,-,-,35,,
17,608,RP,AO,115,BERTH,1,0,-,-,300,,
,608,RP,AO,115,BERTH,1,1,J2404,J2404,250,,
,608,RP,AO,115,FRAAM,1,0,-,-,3,,
,608,RP,AO,115,BERTH,1,1,J2405,J2405,300,,
,608,RP,AO,115,BERTH,1,0,-,-,500,,
,608,RP,AO,115,FRAAM,1,1,J2406,J2406,4,,
,608,RP,AO,115,BERTH,1,0,-,-,150,,
,608,RP,AO,115,BERTH,1,0,-,-,200,,
,608,RP,AO,115,BERTH,1,1,J2407,J2407,200,,
,608,RP,AO,115,BERTH,1,0,-,-,200,,
,608,RP,AO,115,BERTH,1,0,-,-,400,,
,608,RP,AO,115,FRAAM,1,0,-,-,3,,
,608,RP,AO,115,FRAAM,1,0,-,-,3,,
,608,RP,AO,115,BERTH,1,1,J2408,J2408,200,,
,608,RP,AO,115,LIGVU,1,0,-,-,50,,
,608,RP,AO,115,AMECA,1,0,-,-,15,,
,608,RP,AO,115,FRAAM,1,1,J2409,J2409,10,,
,608,RP,AO,115,VIBLE,1,1,J2410,J2410,60,,
,608,RP,AO,116,FRAAM,1,0,-,-,5,,
,608,RP,AO,116,FRAAM,1,0,-,-,6,,
,608,RP,AO,116,FRAAM,1,1,J2411,J2411,6,,
,608,RP,AO,116,FRAAM,1,0,-,-,5,,
,608,RP,AO,116,FRAAM,1,0,-,-,2,,
,608,RP,AO,116,FRAAM,1,0,-,-,4,,
,608,RP,AO,116,VIBAC,1,0,-,-,20,,
,608,RP,AO,116,FRAAM,1,0,-,-,6,,
,608,RP,AO,116,VIBAC,1,0,-,-,10,,
,608,RP,AO,116,VIBAC,1,0,-,-,10,,
,608,RP,AO,116,VIBAC,1,0,-,-,15,,
,608,RP,AO,116,FRAAM,1,0,-,-,5,,
,608,RP,AO,116,VIBAC,1,0,-,-,20,,
,608,RP,AO,116,FRAAM,1,0,-,-,4,,
,608,RP,AO,116,FRAAM,1,0,-,-,3,,
24,611,PD,HW; GM,124,RUBXX,1,2,J2616,J2617,40,,
,611,PD,ML,124,FRAAM,1,1,J2618,J2618,23,,
,611,PD,HW; GM,124,FRAAM,1,0,-,-,12,,
,611,PD,HW; GM,124,RUBXX,1,2,J2619,J2620,40,,
,611,ML,HW; PD,125,PRUSE,1,0,-,-,150,,
,611,ML,HW; PD,125,CRAXX,1,1,J2621,J2621,65,,
,611,ML,HW; PD,125,ROSMU,1,0,-,-,40,,
,611,ML,HW; PD,125,LONMO,1,0,-,-,75,,
,611,ML,HW; PD,125,CRAXX,1,0,-,-,300,,
,611,ML,HW; PD,125,LIGVU,1,0,-,-,80,,
,611,ML,HW; PD,125,BERTH,1,0,-,-,200,,
,611,ML,HW; PD,125,MALXX,1,0,-,-,80,,
,611,ML,HW; PD,125,BERTH,1,0,-,-,250,,
,611,ML,HW; PD,125,LIGVU,1,0,-,-,150,,
,611,ML,HW; PD,125,ROSMU,1,0,-,-,120,,
,611,ML,HW; PD,125,LIGVU,1,0,-,-,300,,
,611,ML,HW; PD,125,LONMO,1,0,-,-,200,,
,611,ML,HW; PD,125,FRAAM,1,0,-,-,21,,
,611,ML,HW; PD,125,LONMO,1,0,-,-,60,,
,611,ML,HW; PD,125,LIGVU,1,0,-,-,300,,
,611,ML,HW; PD,125,ROSMU,1,0,-,-,55,,
,611,ML,HW; PD,125,LIGVU,1,0,-,-,75,,
,611,ML,HW; PD,125,ROSMU,1,0,-,-,50,,
,611,ML,HW; PD,125,CRAXX,1,0,-,-,150,,
,611,ML,HW; PD,125,CRAXX,2,0,-,-,400,,
,611,ML,HW; PD,125,VIBLE,1,1,J2622,J2622,30,,
,611,ML,HW; PD,125,VIBLE,1,1,J2623,J2623,320,,
,611,ML,HW; PD,125,VIBLE,1,0,-,-,150,,
,611,ML,HW; PD,125,CRAXX,1,0,-,-,220,,
,611,ML,HW; PD,125,VIBLE,1,0,-,-,55,,
,611,ML,HW; PD,125,VIBLE,1,0,-,-,60,,
,611,ML,HW; PD,125,AMEXX,1,0,-,-,70,,
,611,ML,HW; PD,125,FRAAM,1,0,-,-,27,,
25,611,PD,HW; GM,123,ROSMU,1,0,-,-,700,SUN LEAVES,
,611,PD,ML,123,LONMO,1,0,-,-,400,,
,611,PD,HW; GM,123,ROSMU,2,0,-,-,600,SUN LEAVES,
,611,PD,HW; GM,123,ROSMU,3,0,-,-,400,50/50 LEAF TYPE,
,611,PD,HW; GM,123,ROSMU,1,0,-,-,20,,
,611,PD,HW; GM,123,ROSMU,1,0,-,-,100,,
,611,PD,ML,123,ROSMU,1,0,-,-,170,,
,611,PD,ML,123,CRAXX,1,1,J2597,J2597,125,,
,611,PD,HW; GM,123,MALXX,1,2,J2598,J2599,150,,
,611,PD,HW; GM,123,VIBDI,1,4,J2600,J2603,300,ONE IN FLOWER,
,611,PD,HW; GM,123,VIBDI,2,0,-,-,120,,
,611,PD,ML,123,RUBXX,1,1,J2604,J2604,35,,
,611,PD,HW; GM,123,VIBDI,1,2,J2605,J2606,500,,
,611,PD,ML,123,RUBXX,1,1,J2607,J2607,75,,
,611,PD,HW; GM,123,VIBDI,1,0,-,-,120,,
,611,PD,HW; GM,123,VIBDI,2,1,J2608,J2608,100,,
,611,PD,ML,123,RUBXX,1,3,J2609,J2611,40,,
,611,PD,HW; GM,123,VIBAC,1,0,-,-,30,,
,611,PD,HW; GM,123,VIBAC,1,0,-,-,40,,
,611,PD,HW; GM,123,VIBAC,1,0,-,-,50,,
,611,PD,HW; GM,123,FRAAM,1,0,-,-,6,,
,611,PD,ML,123,VIBAC,1,0,-,-,140,,
,611,PD,HW; GM,123,VIBAC,1,0,-,-,40,,
,611,PD,HW; GM,123,VIBDI,1,0,-,-,60,,
,611,PD,ML,123,VIBAC,1,0,-,-,95,,
,611,PD,ML,123,VIBAC,1,1,J2612,J2612,60,,
,611,PD,HW; GM,123,VIBAC,1,0,-,-,75,,
,611,PD,HW; GM,123,VIBAC,2,0,-,-,55,,
,611,PD,ML,123,VIBAC,1,1,J2613,J2613,75,PUPA,
,611,PD,HW; GM,123,VIBAC,1,0,-,-,65,,
,611,PD,HW; GM,123,ROSMU,1,0,-,-,61,,
,611,PD,HW; GM,123,ROSMU,2,0,-,-,,SAWFLY (X6),
,611,PD,HW; GM,123,RUBXX,1,2,J2614,J2615,30,,
26,611,PD,HW; GM,122,MALXX,1,0,-,-,125,,
,611,PD,HW; GM,122,MALXX,2,0,-,-,150,,
,611,PD,HW; GM,122,BERTH,1,0,-,-,75,,
,611,PD,HW; GM,122,VIBDI,1,0,-,-,50,,
,611,PD,HW; GM,122,VIBAC,1,0,-,-,30,,
,611,PD,ML,122,VIBDI,1,0,-,-,250,,
,611,PD,HW; GM,122,BERTH,1,0,-,-,200,,
,611,PD,ML,122,VIBDI,2,0,-,-,150,,
,611,PD,HW; GM,122,VIBDI,1,1,J2590,J2590,90,,
,611,PD,HW; GM,122,EUOAL,1,0,-,-,60,,
,611,PD,ML,122,FRAAM,1,0,-,-,25,,
,611,PD,ML,122,ROSMU,1,0,-,-,50,,
,611,PD,HW: GM,122,MALXX,1,0,-,-,125,,
,611,PD,HW: GM,122,LONMO,1,0,-,-,40,,
,611,PD,ML,122,VIBDI,1,0,-,-,50,ANTS,
,611,PD,HW: GM,123,MALXX,1,2,J2591,J2592,300,,
,611,PD,ML,123,ROSMU,1,0,-,-,130,,
,611,PD,ML,123,PRUSE,1,1,J2593,J2593,80,,
,611,PD,HW: GM,123,ROSMU,1,0,-,-,65,,
,611,PD,HW: GM,123,VIBDI,1,0,-,-,100,,
,611,PD,ML,123,FRAAM,1,0,-,-,10,,
,611,PD,HW: GM,123,FRAAM,1,1,J2594,J2594,8,,
,611,PD,ML,123,VIBDI,1,1,J2595,J2595,110,,
,611,PD,ML,123,FRAAM,1,0,-,-,9,,
,611,PD,HW; GM,123,VIBDI,1,1,J2596,J2596,50,,
,611,PD,ML,123,VIBDI,1,0,-,-,220,,
,611,PD,HW: GM,123,VIBDI,1,0,-,-,200,,
,611,PD,HW: GM,123,BERTH,1,0,-,-,300,,
,611,PD,HW: GM,123,ROSMU,1,0,-,-,200,,
,611,PD,HW: GM,123,VIBDI,1,0,-,-,20,,
,611,PD,HW: GM,123,VIBDI,2,0,-,-,150,,
,611,PD,HW: GM,123,VIBDI,1,0,-,-,25,,
,611,PD,HW: GM,123,VIBDI,1,0,-,-,175,,
27,611,ML,PD; HW,125,ROSMU,1,0,-,-,60,,
,611,ML,PD; HW,125,VIBDE,1,10,J2624,J2633,50,,
,615,ML,PD; DR,126,LONMO,1,1,J2652,J2652,125,,
,615,ML,PD; DR,126,LONMO,2,0,-,-,75,,
,615,ML,PD; DR,126,VIBLE,1,2,J2653,J2654,110,,
,615,ML,PD; DR,126,BERTH,1,0,-,-,500,,
,615,ML,PD; DR,126,VIBDE,1,0,-,-,140,,
,615,ML,PD; DR,126,ROSMU,1,0,-,-,60,,
,615,ML,PD; DR,126,RUBXX,1,0,-,-,20,,
,615,ML,PD; DR,126,SAMCA,1,0,-,-,25,,
,615,ML,PD; DR,126,LIGVU,1,0,-,-,150,,
,615,ML,PD; DR,126,ROSMU,1,0,-,-,80,,
,615,ML,PD; DR,126,VIBDE,1,0,-,-,175,,
,615,ML,PD; DR,126,VIBDE,1,1,J2655,J2655,150,,
,615,ML,PD; DR,126,VIBLE,1,0,-,-,250,,
,615,ML,PD; DR,126,SAMCA,1,0,-,-,55,,
,615,ML,PD; DR,126,SAMCA,1,0,-,-,105,,
,615,ML,PD; DR,126,VIBDE,1,0,-,-,275,,
,615,ML,PD; DR,126,VIBDE,1,0,-,-,50,,
,615,ML,PD; DR,126,LONMO,1,0,-,-,325,,
,615,ML,PD; DR,126,VIBDE,1,0,-,-,40,,
,615,ML,PD; DR,126,VIBDE,2,0,-,-,60,,
,615,ML,PD; DR,126,SAMCA,1,0,-,-,35,,
,615,ML,PD; DR,126,SAMCA,1,0,-,-,30,,
,615,ML,PD; DR,126,LONXX,1,0,-,-,175,,
,615,ML,PD; DR,126,VIBDE,1,1,J2656,J2656,125,,
,615,ML,PD; DR,126,VIBDE,2,0,-,-,250,,
,615,ML,PD; DR,126,LONMO,1,0,-,-,100,,
,615,ML,PD; DR,126,LONMO,1,1,J2657,J2657,200,,
,615,ML,PD; DR,126,LONMO,1,0,-,-,75,,
,615,ML,PD; DR,126,LONMO,2,0,-,-,125,,
,615,ML,PD; DR,126,CRAXX,1,0,-,-,30,,
,615,ML,PD; DR,126,CRAXX,2,0,-,-,20,,
28,615,ML,PD; DR,126,VIBLE,1,0,-,-,195,,
,615,ML,PD; DR,126,MALXX,1,0,-,-,150,,
,615,ML,PD; DR,126,MALXX,2,0,-,-,20,,
,615,ML,PD; DR,126,VIBDE,1,1,J2658,J2658,120,,
,615,PD,ML; DR,126,LONMO,1,0,-,-,250,,
,615,PD,ML; DR,126,ROSMU,1,0,-,-,200,,
,615,PD,ML; DR,126,LONMO,1,0,-,-,75,,
,615,PD,ML; DR,126,ROSMU,1,0,-,-,150,,
,615,ML,PD; DR,127,FRAAM,1,1,J2659,J2659,20,,
,615,ML,PD; DR,127,FRAAM,2,0,-,-,12,,
,615,ML,PD; DR,127,CRAXX,1,0,-,-,60,,
,615,ML,PD; DR,127,VIBAC,1,2,J2660,J2661,25,,
,615,ML,PD; DR,127,VIBAC,1,0,-,-,40,,
,615,ML,PD; DR,127,VIBAC,1,0,-,-,34,,
,615,ML,PD; DR,127,RUBXX,1,1,J2662,J2662,9,,
,615,ML,PD; DR,127,CRAXX,1,0,-,-,70,,
,615,ML,PD; DR,127,RUBXX,1,4,J2663,J2666,35,,
,615,ML,PD; DR,127,CRAXX,1,1,J2667,J2667,85,,
,615,ML,PD; DR,127,CRAXX,1,0,-,-,65,,
,615,ML,PD; DR,127,CRAXX,1,0,-,-,50,,
,615,ML,PD; DR,127,RUBXX,1,1,J2668,J2668,30,EGGS,
,615,ML,PD; DR,127,AMEXX,1,2,J2669,J2670,40,,
,615,ML,PD; DR,127,AMEXX,1,0,-,-,115,,
,615,ML,PD; DR,127,AMEXX,1,0,-,-,60,,
,615,ML,PD; DR,127,VIBAC,1,3,J2671,J2673,60,,
,615,ML,PD; DR,127,RUBXX,1,1,J2674,J2674,50,,
,615,ML,PD; DR,127,VIBAC,1,0,-,-,60,EGGS,
,615,ML,PD; DR,127,RUBXX,1,0,-,-,55,,
,615,ML,PD; DR,127,VIBAC,1,0,-,-,80,,
,615,ML,PD; DR,127,PRUSE,1,2,J2675,J2676,95,,
,615,ML,PD; DR,127,VIBAC,1,0,-,-,15,,
,615,ML,PD; DR,127,PRUSE,2,1,J2677,J2677,120,,
,615,ML,PD; DR,128,VIBPL,1,0,-,-,50,,
29,615,ML,PD; DR,128,LIGVU,1,0,-,-,400,,
,615,ML,PD; DR,128,LIGVU,2,0,-,-,400,,
,615,ML,PD; DR,128,FRAAM,1,0,-,-,150,,
,615,ML,PD; DR,128,FRAAM,2,1,J2678,J2678,45,,
,615,ML,PD; DR,128,ROSMU,1,0,-,-,50,,
,615,ML,PD; DR,128,ROSMU,1,1,J2679,J2679,80,,
,615,ML,PD; DR,128,VIBPL,1,1,J2680,J2680,100,,
,615,ML,PD; DR,128,LIGVU,1,0,-,-,550,,
,615,ML,PD; DR,128,ROSMU,1,0,-,-,100,,
,615,ML,PD; DR,128,ROSMU,2,0,-,-,275,,
,615,ML,PD; DR,128,VIBPL,1,0,-,-,60,,
,615,ML,PD; DR,128,VIBPL,2,1,J2681,J2681,110,,
,615,ML,PD; DR,128,ROSMU,1,0,-,-,160,,
,615,ML,PD; DR,128,LIGVU,1,0,-,-,120,,
,615,ML,PD; DR,128,EUOAL,1,0,-,-,125,,
,615,ML,PD; DR,128,EUOAL,2,0,-,-,250,,
,615,ML,PD; DR,128,LIGVU,1,2,J2682,J2683,450,,
,615,ML,PD; DR,128,LIGVU,1,0,-,-,200,,
,616,PD,KD; AO,129,FRAAM,1,0,-,-,14,,
,616,PD,KD   ,129,ROSMU,1,0,-,-,20,,
,616,PD,KD   ,129,BERTH,1,0,-,-,300,,
,616,PD,KD   ,129,ULMRU,1,0,-,-,25,,
,616,PD,KD   ,129,VIBDI,1,0,-,-,75,,
,616,PD,KD   ,129,BERTH,1,0,-,-,275,,
,616,PD,KD   ,129,VIBDI,1,0,-,-,200,,
,616,PD,KD   ,129,VIBDI,2,0,-,-,75,,
,616,PD,KD   ,129,BERTH,1,0,-,-,300,,
30,616,PD,KD   ,129,VIBDI,1,0,-,-,75,,
,616,PD,KD   ,129,VIBDI,1,0,-,-,125,,
,616,PD,KD   ,129,RUBXX,1,0,-,-,5,,
,616,PD,KD   ,129,VIBDI,1,0,-,-,60,,
,616,PD,KD   ,129,RUBXX,1,0,-,-,8,,
,616,PD,KD   ,129,VIBDI,1,0,-,-,50,,
,616,PD,KD   ,129,VIBDI,1,0,-,-,75,,
,616,PD,KD   ,129,VIBDI,2,0,-,-,125,,
,616,KD,PD,129,ROSMU,1,0,-,-,50,,
,616,KD,PD,129,ROSMU,1,0,-,-,70,,
,616,KD,PD,129,RUBPH,1,0,-,-,40,,
,616,KD,PD,129,ROSMU,1,0,-,-,70,,
,616,KD,PD,129,RUBPH,1,0,-,-,50,,
,616,KD,PD,129,VIBDI,1,0,-,-,230,,
,616,KD,PD,129,RUBPH,1,0,-,-,40,,
,616,KD,PD,129,VIBLA,1,0,-,-,125,,
,616,KD,PD,129,VIBLA,2,0,-,-,140,EGGS (SPIDERS?),
,616,KD,PD,129,VIBLA,3,0,-,-,165,,
,616,KD,PD,129,VIBLA,1,0,-,-,130,,
,616,KD,PD,129,LIGVU,1,1,J2714,J2714,50,,
,616,KD,PD,129,LIGVU,1,0,-,-,100,,
,616,KD,PD,129,RUBPH,1,0,-,-,110,,
,616,KD,PD,129,VIBLA,1,0,-,-,70,,
,616,KD,PD,129,RUBPH,1,0,-,-,80,,
,616,KD,PD,129,BERTH,1,0,-,-,400,,
,616,KD,PD,129,RUBPH,1,0,-,-,150,,
,616,KD,PD,129,VIBLA,1,0,-,-,50,,
,616,KD,PD,129,RUBPH,1,0,-,-,120,,
,616,KD,AO,130,ROSMU,1,0,-,-,100,,
,616,KD,AO,130,ROSMU,1,0,-,-,60,,
,616,KD,AO,130,ROSMU,1,0,-,-,100,,
,616,KD,AO,130,ROSMU,1,0,-,-,110,,
,616,KD,AO,130,ROSMU,1,0,-,-,70,,
,616,KD,AO,130,ROSMU,1,1,J2715,J2715,300,,
,616,KD,AO,130,LIGVU,1,1,J2716,J2716,250,,
,616,KD,AO,130,ROSMU,1,5,J2717,J2721,300,,
,616,KD,AO,130,ROSMU,1,0,-,-,200,,
,616,KD,AO,130,ROSMU,1,1,J2722,J2722,200,,
,616,KD,AO,130,MALXX,1,1,J2723,J2723,60,,
31,616,HW,RP,130,ROSMU,1,3,J2751,J2753,200,,
,616,HW,RP,130,ROSMU,2,1,J2754,J2753,25,,
,616,HW,RP,130,LIGVU,1,1,J2755,J2755,70,,
,616,HW,RP,130,LONMO,1,0,-,-,150,,
,616,HW,RP,130,RUBXX,1,3,J2756,J2758,80,,
,616,HW,RP,130,ROSMU,1,2,J2759,J2760,100,,
,616,HW,RP,130,ROSMU,1,0,-,-,200,,
,616,HW,RP,130,FRAAM,1,1,J2761,J2761,50,,
,617,PD,KD,131,VIBAC,1,0,-,-,35,,
,617,PD,KD,131,VIBAC,1,0,-,-,70,,
,617,PD,KD,131,VIBAC,1,1,J2807,J2807,40,,
,617,PD,KD,131,VIBAC,1,0,-,-,20,,
,617,PD,KD,131,VIBAC,1,0,-,-,60,,
,617,PD,KD,131,VIBAC,1,0,-,-,50,,
,617,PD,KD,131,FRAAM,1,0,-,-,8,,
,617,PD,KD,131,VIBAC,1,0,-,-,50,,
,617,PD,KD,132,VIBAC,1,1,J2808,J2808,125,,
,617,PD,KD,132,VIBAC,2,0,-,-,100,,
,617,PD,KD,132,VIBAC,1,1,J2809,J2809,150,PUPA,
,617,PD,KD,132,VIBAC,1,0,-,-,120,,
,617,PD,KD,132,VIBAC,1,0,-,-,125,,
,617,PD,KD,132,BERTH,1,0,-,-,200,,
,617,PD,KD,132,LONMO,1,0,-,-,50,,
,617,PD,KD,132,LONMO,2,0,-,-,75,,
,617,PD,KD,132,LONMO,3,0,-,-,125,,
,617,PD,KD,132,BERTH,1,0,-,-,250,,
,617,PD,KD,132,VIBAC,1,1,J2810,J2810,150,PUPA,
,617,PD,KD,132,BERTH,1,0,-,-,500,,
,617,PD,SB,133,PRUSE,1,0,-,-,100,,
,617,PD,SB,133,PRUSE,2,1,J2811,J2811,100,,
,617,PD,SB,133,PRUSE,3,0,-,-,75,,
,617,PD,SB,133,PRUSE,4,0,-,-,125,,
,617,PD,SB,133,PRUSE,5,1,J2812,J2812,150,,
32,616,KD,AO,130,RUBXX,1,0,-,-,20,,
,617,KD,AO,130,RUBXX,1,5,J2724,J2728,20,,
,617,ML,SB,131,RUBXX,1,0,-,-,15,,
,617,ML,SB,131,RUBXX,1,0,-,-,20,,
,617,ML,SB,131,RUBXX,1,0,-,-,30,,
,617,ML,SB,131,VIBAC,1,0,-,-,90,,
,617,ML,SB,131,VIBAC,1,0,-,-,50,,
,617,ML,SB,132,VIBAC,1,0,-,-,40,,
,617,ML,SB,132,VIBAC,1,0,-,-,85,,
,617,ML,SB,132,VIBAC,1,0,-,-,80,,
,617,ML,SB,132,VIBAC,1,0,-,-,60,,
,617,ML,SB,132,BERTH,1,0,-,-,300,,
,617,ML,SB,132,BERTH,2,0,-,-,250,,
,617,ML,SB,132,VIBAC,1,0,-,-,30,,
,617,ML,SB,132,VIBAC,1,0,-,-,45,,
,617,ML,SB,132,VIBAC,1,0,J2776,J2776,120,,
,617,ML,SB,132,VIBAC,1,0,-,-,100,,
,617,ML,SB,132,VIBAC,1,0,-,-,115,,
,617,ML,SB,132,VIBAC,1,0,-,-,100,,
,617,ML,SB,132,VIBAC,1,0,-,-,125,,
,617,ML,SB,132,VIBAC,1,4,J2777,J2780,85,,
,617,ML,SB,132,VIBAC,1,1,J2781,J2781,150,,
,617,ML,SB,132,FRAAM,1,0,-,-,28,,
,617,ML,SB,132,VIBAC,1,0,-,-,60,,
,617,ML,SB,132,LONMO,1,0,-,-,50,,
,617,ML,SB,132,BERTH,1,0,-,-,250,,
,617,ML,SB,132,BERTH,1,1,J2782,J2782,1600,,
,617,ML,SB,132,BERTH,1,0,-,-,800,,
,617,PD,KD; SB,133,BERTH,1,0,-,-,350,,
,617,PD,KD; SB,133,BERTH,2,0,-,-,400,EGGS,
,617,PD,KD; SB,133,LONMO,1,1,J2783,J2783,150,PUPA,
,617,PD,KD; SB,133,LONMO,1,0,-,-,175,,
,617,PD,KD; SB,133,LONMO,2,0,-,-,75,,
33,617,KD,RP,133,LIGVU,1,1,J3179,J3179,200,,
,617,KD,RP,133,MALXX,1,3,J3180,J3182,250,,
,617,KD,RP,133,LIGVU,1,0,-,-,150,,
,617,KD,RP,133,BERTH,1,1,J3183,J3183,300,,
,617,KD,RP,133,LIGVU,1,0,-,-,80,,
,617,KD,RP,133,VIBDI,1,0,-,-,130,,
,617,KD,RP,133,MALXX,2,0,-,-,200,,
,617,KD,RP,133,FRAAM,1,0,-,-,50,,
,617,KD,RP,133,ROSMU,1,1,J3184,J3184,400,,
,617,KD,RP,133,ROSMU,1,0,-,-,175,,
,617,KD,RP,133,PRUSE,1,1,J3185,J3185,70,,
,617,KD,RP,133,ROSMU,1,1,J3186,J3186,150,,
,617,KD,HW,134,FRAMM,1,1,J2838,J2838,30,,
,617,KD,HW,134,FRAMM,2,0,-,-,40,,
,617,KD,HW,134,FRAMM,3,0,-,-,50,,
,617,KD,HW,134,RUBXX,1,2,J2839,J2840,30,,
,617,HW,KD,135,ROSMU,1,0,-,-,130,,
,617,HW,KD,135,ROSMU,1,0,-,-,60,,
,617,HW,KD,135,ROSMU,2,0,-,-,130,,
,617,HW,KD,135,ROSMU,1,0,-,-,80,,
,617,HW,KD,135,ROSMU,1,0,-,-,120,,
,617,HW,KD,135,ROSMU,2,0,-,-,50,,
,617,HW,KD,136,LONMO,1,0,-,-,140,,
,617,HW,KD,136,LONMO,2,0,-,-,100,,
,617,HW,KD,136,ROSMU,1,0,-,-,80,,
,617,HW,KD,136,ROSMU,2,0,-,-,220,,
,617,HW,KD,136,ROSMU,1,3,J2841,J2843,150,,
,617,HW,KD,136,ROSMU,1,0,-,-,60,,
,617,HW,KD,136,BERTH,1,0,-,-,400,,
,617,HW,KD,136,BERTH,2,0,-,-,300,,
,617,HW,KD,136,ROSMU,1,0,-,-,300,,
,617,HW,KD,136,BERTH,1,0,-,-,400,,
,617,HW,KD,136,BERTH,1,0,-,-,600,,
34,617,PD,"KD,SB,ML",133,LONMO,1,2,J2784,J2785,120,,
,617,PD,"KD,SB,ML",133,LONMO,1,0,-,-,125,,
,617,PD,"KD,SB,ML",133,LONMO,1,0,-,-,120,,
,617,PD,"KD,SB,ML",133,LONMO,1,0,-,-,120,,
,617,PD,"KD,SB,ML",133,BERTH,1,0,-,-,350,,
,617,PD,"KD,SB,ML",133,LONMO,1,2,J2786,J2787,60,,
,617,PD,"KD,SB,ML",133,BERTH,1,0,-,-,300,,
,617,PD,"KD,SB,ML",133,LONMO,1,0,-,-,100,,
,617,PD,"KD,SB,ML",133,LONMO,1,0,-,-,80,,
,617,PD,"KD,SB,ML",133,PRUSE,1,0,-,-,35,,
,617,PD,"KD,SB,ML",133,ROSMU,1,1,J2788,J2788,500,,
,618,HW,KD,136,RUBXX,1,1,J2844,J2844,30,,
,618,HW,KD,136,VIBDI,1,0,-,-,50,,
,618,HW,KD,136,EUOAL,1,0,-,-,150,,
,618,HW,PD;KD,137,VIBDI,1,0,-,-,150,,
,618,HW,PD,137,VIBDI,1,2,J2845,J2846,120,,
,618,HW,KD,137,VIBDI,1,0,-,-,40,,
,618,HW,KD,137,VIBDI,1,0,-,-,150,,
,618,HW,KD,137,VIBDI,1,0,-,-,160,,
,618,HW,PD,137,VIBDI,1,0,-,-,30,,
,618,HW,KD,137,VIBDI,1,0,-,-,120,,
,618,HW,PD,137,VIBDI,1,1,J2847,J2847,30,,
,618,HW,PD,137,VIBDI,2,0,-,-,60,,
,618,HW,KD,137,VIBDI,1,0,-,-,110,,
,618,HW,KD,137,VIBDI,1,0,-,-,150,,
,618,HW,PD,137,VIBDI,1,1,J2848,J2848,125,,
,618,HW,PD,137,VIBDI,2,0,-,-,150,,
,618,HW,KD,137,BERTH,1,0,-,-,200,,
,618,HW,KD,137,VIBDI,1,0,-,-,50,,
,618,HW,PD,137,VIBDI,1,0,-,-,150,,
,618,HW,KD,137,VIBDI,1,0,-,-,120,,
,618,HW,PD,137,VIBDI,1,0,-,-,230,,
,618,HW,KD,137,VIBDI,1,0,-,-,70,,
,618,HW,PD,137,VIBDI,1,0,-,-,125,,
,618,HW,KD,137,BERTH,1,0,-,-,250,,
,618,HW,PD,137,VIBDI,1,0,-,-,60,,
35,617,PD,SB,133,ROSMU,1,5,J2813,J2817,175,,
,617,PD,SB,133,PRUSE,1,1,J2818,J2818,75,,
,617,PD,SB,133,ROSMU,1,0,-,-,50,,
,617,PD,SB,133,MALXX,1,1,J2819,J2819,200,,
,617,PD,SB,133,PRUSE,1,0,-,-,160,,
,617,PD,SB,133,PRUSE,2,0,-,-,150,,
,617,PD,SB,133,PRUSE,3,3,J2820,J2822,150,,
,618,PD,GM;RP,134,VIBPL,1,0,-,-,150,,
,618,PD,GM;RP,134,VIBPL,2,0,-,-,100,,
,618,PD,GM;RP,134,PRUSE,1,0,-,-,125,,
,618,PD,GM;RP,134,PRUSE,2,0,-,-,75,,
,618,PD,GM;RP,134,LONMO,1,0,-,-,150,,
,618,PD,GM;RP,135,ROSMU,1,3,J2869,J2871,250,,
,618,PD,GM;RP,135,ROSMU,2,1,J2872,J2872,75,,
,618,PD,GM;RP,135,ROSMU,1,0,-,-,50,,
,618,PD,GM;RP,135,ROSMU,2,0,-,-,125,,
,618,PD,GM;RP,135,ROSMU,1,0,-,-,50,,
,618,PD,GM;RP,135,ROSMU,1,0,-,-,150,,
,618,PD,GM;RP,135,PRUSE,1,0,-,-,40,,
,618,PD,GM;RP,135,PRUSE,2,0,-,-,125,,
,618,PD,GM;RP,135,ROSMU,1,1,J2873,J2873,75,,
,618,RP,PD/GM,135,PRUSE,3,0,-,-,70,,
,618,RP,PD/GM,135,PRUSE,1,0,-,-,50,,
,618,RP,PD/GM,135,PRUSE,2,0,-,-,25,,
,618,RP,PD/GM,135,PRUSE,3,0,-,-,40,,
,618,RP,PD/GM,135,ROSMU,1,0,-,-,200,,
,618,RP,PD/GM,136,ROSMU,1,0,-,-,200,,
,618,RP,PD/GM,136,BERTH,1,0,-,-,300,,
,618,RP,PD/GM,136,ROSMU,1,0,-,-,150,,
,618,RP,PD/GM,136,ROSMU,2,1,J2874,J2874,300,,
,618,RP,PD/GM,136,ROSMU,1,0,-,-,150,,
,618,RP,PD/GM,136,ROSMU,2,0,-,-,100,,
,618,RP,PD/GM,136,BERTH,1,0,-,-,400,,
36,621,SB,PD,138,MALXX,1,0,-,-,50,EGGS,
,621,SB,PD,138,,2,1,J2900,J2900,75,,
,621,SB,PD,138,ROSXX,1,0,-,-,60,,
,621,SB,PD,138,ROSMU,1,0,-,-,100,,
,621,SB,PD,138,ROSMU,1,0,-,-,300,,
,621,SB,PD,138,LIGOB,1,0,-,-,150,,
,621,SB,PD,138,,2,4,J2901,J2904,400,,
,621,SB,PD,138,ROSMU,1,0,-,-,25,,
,621,SB,PD,138,ROSMU,1,0,-,-,100,,
,621,SB,PD,138,LIGOB,1,0,-,-,80,,
,621,SB,PD,138,VIBDE,1,0,-,-,85,,
,621,SB,PD,138,VIBLE,1,0,-,-,,,
,621,SB,PD,138,LIGVU,1,0,-,-,180,,
,621,SB,PD,138,VIBLE,1,1,J2905,J2905,90,,
,621,SB,PD,138,VIBLE,1,1,J2906,J2906,120,,
,621,SB,PD,138,VIBLE,1,0,-,-,90,,
,621,SB,PD,138,LIGOB,1,0,-,-,75,,
,621,SB,PD,138,LIGOB,1,0,-,-,200,,
,621,SB,PD,138,VIBLE,1,2,J2907,J2908,200,,
,621,SB,PD,138,LIGOB,1,0,-,-,200,,
,621,SB,PD,138,VIBLE,1,0,-,-,100,,
,621,SB,PD,138,VIBLE,1,1,J2909,J2909,150,,
,621,SB,PD,138,LIGOB,1,0,-,-,100,,
,621,SB,PD,138,ROSMU,1,0,-,-,200,,
,621,SB,PD,138,MALXX,1,0,-,-,200,,
,621,SB,PD,138,,2,2,J2910,J2911,200,,
,621,SB,PD,138,ROSMU,1,0,-,-,50,,
,621,SB,PD,138,MALXX,1,0,-,-,120,,
,621,SB,PD,138,ROSMU,1,0,-,-,50,,
,621,SB,PD,138,RUBXX,1,2,J2912,J2913,50,,
,621,DR,PDSB,139,BERTH,1,1,J2914,J2914,600,,
,621,DR,PDSB,139,LIGOB,1,1,J2915,J2915,175,,
,621,DR,PDSB,139,BERTH,1,0,-,-,450,,
37,621,HW,RP,138,LIGOB,1,0,-,-,150,,
,621,HW,RP,138,LIGOB,2,0,-,-,200,,
,621,HW,RP,138,ROSXX,1,0,-,-,60,,
,621,HW,RP,138,ROSXX,1,1,J2931,J2931,55,,
,621,HW,RP,138,RUBXX,1,0,-,-,60,,
,621,HW,RP,138,ROSXX,1,0,-,-,20,,
,621,HW,RP,138,LIGOB,1,0,-,-,170,,
,621,HW,RP,138,LIGOB,2,0,-,-,200,,
,621,HW,RP,138,LIGOB,1,0,-,-,60,,
,621,HW,RP,138,LIGOB,1,0,-,-,300,,
,621,HW,ML,138,ROSMU,1,0,-,-,150,,
,621,HW,ML,138,LONMO,1,1,J2932,J2932,125,,
,621,HW,ML,138,MALXX,1,0,-,-,80,,
,621,HW,ML,138,LIGOB,1,0,-,-,450,,
,621,HW,RP,138,ROSMU,1,0,-,-,95,,
,621,HW,RP,138,VIBLE,1,2,J2933,J2934,50,,
,621,HW,RP,138,VIBLE,2,0,-,-,60,,
,621,RP,HW,138,VIBLE,1,0,-,-,140,,
,621,RP,HW,138,CRAXX,1,0,-,-,150,,
,621,RP,HW,138,LIGOB,1,0,-,-,300,,
,621,RP,HW,138,VIBLE,1,0,-,-,150,,
,621,RP,HW,138,MALXX,1,0,-,-,250,,
,621,RP,HW,138,MALXX,2,0,-,-,200,,
,621,RP,HW,138,MALXX,1,0,-,-,300,,
,621,RP,HW,138,MALXX,1,0,-,-,200,,
,621,HW,ML,139,MALXX,1,0,-,-,250,,
,621,HW,RP,139,MALXX,2,3,J2935,J2937,300,,
,621,HW,RP,139,BERTH,1,0,-,-,300,,
,621,HW,RP,139,MALXX,1,0,-,-,70,,
,621,HW,RP,139,MALXX,1,0,-,-,45,,
,621,HW,RP,139,BERTH,1,0,-,-,350,,
,621,RP,HW,139,ROSMU,1,2,J2938,J2939,70,,
38,621,PD,SB; DR,139,BERTH,1,1,J2916,J2916,300,,
,621,PD,SB; DR,139,BERTH,1,0,-,-,100,,
,621,PD,SB; DR,139,BERTH,1,1,J2917,J2917,350,,
,621,PD,SB; DR,139,FRAAM,1,0,-,-,14,,
,621,PD,SB; DR,139,MALXX,1,1,J2918,J2918,50,GOT LAUNCHED OFF SHEET,
,621,PD,SB; DR,139,BERTH,1,0,-,-,250,,
,621,SB,SB; DR,140,MALXX,1,0,-,-,65,,
,621,SB,SB; DR,140,MALXX,2,1,J2919,J2919,80,,
,621,SB,SB; DR,140,MALXX,3,0,-,-,120,,
,621,SB,SB; DR,140,MALXX,4,1,J2920,J2920,130,,
,621,SB,SB; DR,140,ROSMU,1,1,J2921,J2921,200,,
,621,SB,SB; DR,140,FRAAM,1,0,-,-,10,,
,621,SB,SB; DR,140,FRAAM,2,0,-,-,10,,
,621,SB,SB; DR,140,FRAAM,3,0,-,-,40,,
,622,GM,GM; KD,141,BERTH,1,0,-,-,400,,
,622,GM,GM; KD,141,BERTH,1,1,J2962,J2962,350,,
,622,GM,GM; KD,141,BERTH,1,0,-,-,400,,
,622,GM,GM; KD,141,BERTH,1,0,-,-,600,,
,622,GM,GM; KD,141,BERTH,1,1,J2963,J2963,1000,,
,622,GM,GM; KD,141,BERTH,1,0,-,-,600,,
,622,GM,GM; KD,141,BERTH,1,0,-,-,700,,
,622,GM,GM; KD,141,BERTH,2,0,-,-,1000,,
,622,GM,GM; KD,141,BERTH,1,0,-,-,800,,
,622,GM,GM; KD,141,BERTH,1,1,J2964,J2964,600,,
,622,GM,GM; KD,141,BERTH,1,1,J2965,J2965,500,DEAD,
,622,GM,GM; KD,141,BERTH,1,1,J2966,J2966,500,,
,622,GM,GM; KD,141,BERTH,0,0,-,-,600,,
,622,GM,GM; KD,142,BERTH,1,0,-,-,400,,
,622,GM,GM; KD,142,BERTH,1,0,-,-,800,,
,622,GM,GM; KD,142,BERTH,1,0,-,-,900,,
,622,GM,GM; KD,142,BERTH,1,0,-,-,1200,,
,622,GM,GM; KD,142,VIBAC,1,0,-,-,40,,
,622,GM,GM; KD,142,BERTH,1,0,-,-,300,,
39,621,HW,RP,140,FRAAM,1,0,-,-,15,,
,621,HW,RP,140,MALXX,1,1,J2940,J2940,150,,
,621,HW,RP,140,ROSMU,1,1,J2941,J2941,100,,
,621,HW,RP,140,ROSMU,1,1,J2942,J2942,250,,
,622,ML,RP,141,FRAAM,1,1,J3024,J3024,25,,
,622,ML,RP,141,FRAAM,2,0,-,-,30,,
,622,ML,RP,141,BERTH,1,1,J3025,J3025,700,,
,622,ML,RP,141,BERTH,1,0,-,-,200,,
,622,ML,RP,141,BERTH,1,0,J3026,J3026,500,,
,622,ML,RP,141,FRAAM,1,0,-,-,50,,
,622,ML,RP,141,ROSMU,1,2,J3027,J3028,250,,
,622,ML,RP,141,BERTH,1,2,J3029,J3030,800,,
,622,ML,RP,141,BERTH,2,0,-,-,500,,
,622,ML,RP,141,BERTH,1,4,J3031,J3034,800,,
,622,ML,RP,141,LIGOB,1,0,-,-,80,,
,622,ML,RP,141,BERTH,1,1,J3035,J3035,1500,,
,622,ML,RP,142,VIBDI,1,1,J3035,J3036,1250,,
,622,ML,RP,142,VIBAC,1,0,-,-,36,,
,622,ML,RP,142,FRAAM,1,1,J3037,J3037,40,,
,622,ML,RP,142,VIBAC,1,0,-,-,100,,
,622,ML,RP,142,VIBAC,1,0,-,-,50,,
,622,ML,RP,142,FRAAM,1,0,-,-,75,,
,622,ML,RP,142,FRAAM,1,0,-,-,60,,
,622,ML,RP,142,VIBAC,1,0,-,-,60,,
,622,ML,RP,142,VIBAC,1,0,-,-,30,,
,622,ML,RP,142,BERTH,1,0,-,-,300,,
,623,PD,GM,143,ROSMU,1,0,-,-,90,,
,623,PD,GM,143,ROSMU,1,0,-,-,80,SUN LEAVES,
,623,PD,GM,143,LIGOB,1,0,-,-,75,,
,623,PD,GM,143,ROSMU,1,1,J3117,J3117,40,,
,623,PD,GM,143,MALXX,1,3,J3118,J3120,75,,
,623,PD,GM,143,MALXX,2,1,J3121,J3121,100,,
,623,PD,GM,143,ROSMU,1,0,-,-,75,,
40,621,DR,ML,140,VIBSI,1,0,-,-,70,,
,621,DR,ML,140,ROSMU,1,1,UNK,UNK,200,,
,621,DR,ML,140,VIBPL,1,0,-,-,115,,
,621,DR,ML,140,VIBSI,1,0,-,-,80,,
,621,DR,ML,140,VIBSI,2,0,-,-,100,,
,621,DR,ML,140,VIBDI,1,0,-,-,175,,
,623,AO,RP,143,ROSMU,1,1,J3210,J3210,150,,
,623,AO,RP,143,LIGOB,1,0,-,-,85,,
,623,AO,RP,143,VIBPL,1,0,-,-,78,,
,623,AO,RP,143,MALXX,1,0,-,-,60,,
,623,AO,RP,143,MALXX,2,1,J3211,J3211,82,,
,623,AO,RP,143,MALXX,3,1,J3212,J3212,95,,
,623,AO,RP,143,MALXX,4,1,J3213,J3213,78,,
,623,AO,RP,143,MALXX,1,3,J3214,J3216,87,,
,623,AO,RP,143,MALXX,2,0,-,-,54,,
,623,AO,RP,143,MALXX,1,3,J3217,J3219,120,,
,623,AO,RP,143,MALXX,2,2,J3220,J3221,135,,
,623,AO,RP,143,MALXX,3,1,J3222,J3222,130,S,
,623,AO,RP,143,RHOSC,1,1,J3223,J3223,82,,
,623,AO,RP,143,RHOSC,2,0,-,-,90,,
,623,AO,RP,143,BERTH,1,0,-,-,400,,
,623,AO,RP,143,ROSMU,1,5,J3224,J3228,250,,
,623,AO,RP,144,LIGOB,1,1,J3229,J3229,180,P,
,623,AO,RP,144,LIGOB,2,0,-,-,80,,
,623,AO,RP,144,MALXX,1,3,J3230,J3232,78,,
,623,AO,RP,144,ROSMU,1,3,J3233,J3235,70,,
41,623,DR,RP,146,CRAXX,1,5,J3144,J3147,130,CAT COUNT CORRECT; INC J3176,
,623,DR,RP,146,BERTH,1,0,-,-,250,,
,623,DR,RP,146,BERTH,1,0,-,-,400,,
,623,DR,RP,146,BERTH,1,0,-,-,500,,
,624,PD,ML,151,VIBAC,1,1,J3272,J3272,4,,
,624,PD,ML,151,VIBAC,1,0,-,-,50,,
,624,PD,ML,151,PRUSE,1,1,J3273,J3273,65,,
,624,PD,ML,151,LONTA,1,0,-,-,80,,
,624,PD,ML,151,LONTA,1,0,-,-,75,,
,624,PD,ML,151,LONTA,1,0,-,-,50,,
,624,PD,ML,151,LONTA,2,0,-,-,70,,
,624,PD,ML,151,VIBDE,1,1,J3274,J3274,100,,
,624,PD,ML,151,VIBDE,1,0,-,-,110,,
,624,PD,ML,151,LONTA,1,1,J3275,J3275,75,,
,624,PD,ML,151,LONTA,1,0,-,-,100,,
,624,PD,ML,151,LONTA,1,1,J3277,J3277,125,,
,624,PD,ML,151,LONTA,2,0,-,-,75,,
,624,PD,ML,151,LONTA,3,0,-,-,50,,
,624,PD,ML,151,LONTA,4,0,-,-,150,,
,624,PD,ML,151,CRAXX,1,3,J3278,J3280,25,,
42,623,PD,GM,143,VIBPL,1,0,-,-,40,,
,623,PD,GM,143,RUBXX,1,2,J3122,J3123,20,,
,623,PD,GM,143,ROSMU,1,0,-,-,60,,
,623,PD,GM,143,ROSMU,1,2,J3124,J3125,75,,
,623,PD,GM,143,VIBPL,1,3,J3126,J3128,40,,
,623,PD,GM,143,LIGOB,1,1,J3129,J3129,30,,
,623,PD,GM,143,ROSMU,1,0,-,-,50,,
,623,PD,GM,143,FRAAM,1,0,-,-,24,,
,623,PD,GM,143,ROSMU,1,0,-,-,30,,
,623,PD,GM,143,ROSMU,1,0,-,-,45,,
,623,PD,GM,143,ROSMU,1,0,-,-,65,,
,623,PD,GM,143,LIGOB,1,0,-,-,80,,
,623,PD,GM,144,PRUSE,1,0,-,-,150,,
,623,PD,GM,144,PRUSE,2,1,J3130,J3130,40,,
,623,PD,GM,144,LIGOB,1,0,-,-,225,,
,623,PD,GM,144,PRUSE,3,1,J3131,J3131,50,,
,623,PD,GM,144,PRUSE,1,0,-,-,150,,
,623,PD,GM,144,VIBDI,1,0,-,-,120,,
,623,PD,GM,144,EUOAL,1,0,-,-,200,,
,623,PD,GM,144,LIGOB,1,1,J3132,J3132,250,,
,623,PD,GM,144,LIGOB,2,1,J3133,J3133,500,,
,623,GM,PD,144,LIGOB,1,0,-,-,300,,
,623,GM,PD,144,ROSMU,1,1,J3134,J3134,200,,
,623,DR,RP,145,BERTH,1,1,J3135,J3135,400,,
,623,DR,RP,145,BERTH,1,1,J3137,J3137,400,,
,623,DR,RP,145,MALXX,1,0,-,-,90,,
,623,DR,RP,145,MALXX,1,1,J3136,J3136,190,,
,623,DR,RP,146,CRAXX,1,0,-,-,70,,
,623,DR,RP,146,CRAXX,1,0,-,-,85,,
,623,DR,RP,146,CRAXX,2,0,-,-,70,,
,623,DR,RP,146,CRAXX,1,0,-,-,30,,
,623,DR,RP,146,CRAXX,1,0,-,-,150,,
,623,DR,RP,146,CRAXX,1,6,J3138,J3143,200,,
43,623,KD,HW,143,VIBPL,1,0,-,-,60,,
,623,KD,HW,143,PRUSE,1,0,-,-,50,,
,623,KD,HW,143,LIGOB,1,1,J3148,J3149,130,,
,623,KD,HW,143,LIGOB,1,0,-,-,160,,
,623,KD,HW,143,VIBDI,1,1,J3150,J3150,,EGGS,
,623,KD,HW,143,VIBDI,0,0,-,-,100,,
,623,KD,HW,143,PRUSE,0,0,-,-,40,,
,623,KD,HW,143,BERTH,1,4,J3151,J3154,1300,,
,623,KD,HW,143,BERTH,2,2,J3155,J3156,1000,,
,623,KD,HW,143,ROSMU,1,2,J3157,J3158,100,,
,623,KD,HW,143,VIBPL,1,0,-,-,100,,
,623,KD,HW,143,ROSMU,1,2,J3159,J3160,100,,
,623,KD,HW,143,VIBPL,,1,J3161,J3163,150,,
,623,KD,HW,143,VIBDI,1,0,-,-,100,,
,623,KD,HW,143,VIBDI,2,0,-,-,150,,
,623,KD,HW,143,PRUSE,1,2,J3164,J3165,300,,
,623,KD,HW,143,ROSMU,1,3,J3166,J3168,150,,
,623,KD,HW,143,LIGOB,1,1,J3169,J3169,250,,
,623,KD,HW,143,LIGOB,2,0,-,-,300,,
,623,KD,HW,143,PRUSE,1,0,-,-,45,,
,623,KD,HW,143,LIGOB,2,1,J3170,J3170,400,,
,623,KD,HW,143,FRAXX,1,1,J3171,J3171,80,,
,623,PD,AO;KD,145,BERTH,1,0,-,-,700,,
,623,PD,AO;KD,145,BERTH,1,0,-,-,450,,
,623,PD,AO;KD,145,BERTH,1,0,-,-,1000,,
,623,PD,AO;KD,145,BERTH,1,2,J3172,J3173,600,,
,623,PD,AO;KD,145,BERTH,1,0,-,-,400,,
,623,PD,AO;KD,145,ROSMU,1,1,J3174,J3174,250,,
,623,PD,AO;KD,145,LIGOB,1,0,-,-,200,,
,623,PD,AO;KD,145,MALXX,1,0,-,-,200,,
,623,PD,AO;KD,145,MALXX,2,0,-,-,175,,
,623,PD,AO;KD,145,MALXX,3,0,-,-,175,,
,623,PD,AO;KD,145,BERTH,1,1,J3175,J3175,200,END OF DAY,
44,624,ML,PD; GM,149,BERTH,1,0,-,-,200,,
,624,ML,PD; GM,149,RUBXX,1,0,-,-,35,,
,624,ML,PD; GM,149,RUBXX,1,0,-,-,20,,
,624,ML,PD; GM,149,BERTH,2,0,-,-,250,,
,624,ML,PD; GM,149,RUBXX,1,0,-,-,25,,
,624,ML,PD; GM,149,ROSMU,1,0,-,-,300,,
,624,ML,PD; GM,149,BERTH,1,0,-,-,200,,
,624,ML,PD; GM,149,ROSMU,1,0,-,-,190,,
,624,ML,PD; GM,150,FRAAM,1,0,-,-,65,,
,624,ML,PD; GM,150,VIBDE,1,3,-,-,175,,
,624,ML,PD; GM,150,SAMCA,1,1,J3251,J3251,40,,
,624,ML,PD; GM,150,SAMCA,2,1,J3253,J3253,60,,
,624,ML,PD; GM,150,VIBDE,2,1,J3252,J3252,200,,
,624,ML,PD; GM,150,VIBDE,3,1,J3254,J3254,100,,
,624,ML,PD; GM,150,ROSMU,1,0,-,-,150,,
,624,ML,PD; GM,150,ROSMU,1,0,-,-,125,,
45,624,ML,PD; GM,147,VIBDI,1,0,-,-,150,,
,624,ML,PD; GM,147,VIBDI,1,0,-,-,75,,
,624,ML,PD; GM,147,VIBDI,1,0,-,-,100,,
,624,ML,PD; GM,148,VIBAC,1,0,-,-,25,,
,624,ML,PD; GM,148,VIBAC,1,1,J3245,J3245,30,,
,624,ML,PD; GM,148,VIBAC,1,0,-,-,70,,
,624,ML,PD; GM,148,VIBAC,1,0,-,-,75,,
,624,ML,PD; GM,148,VIBAC,1,0,-,-,50,,
,624,ML,PD; GM,148,VIBAC,1,0,-,-,90,,
,624,ML,PD; GM,148,VIBAC,1,0,-,-,50,,
,624,ML,PD; GM,148,VIBAC,1,0,-,-,100,,
,624,ML,PD; GM,148,VIBAC,2,0,-,-,110,,
,624,ML,PD; GM,148,VIBAC,1,0,-,-,60,,
,624,ML,PD; GM,148,VIBDI,1,0,-,-,120,,
,624,ML,PD; GM,148,VIBAC,1,0,-,-,175,,
,624,ML,PD; GM,148,FRAAM,1,1,J3246,J3246,200,,
,624,ML,PD; GM,148,VIBAC,1,0,-,-,100,,
,624,ML,PD; GM,148,CRAXX,1,0,-,-,40,,
,624,ML,PD; GM,148,CRAXX,1,0,-,-,60,,
,624,ML,PD; GM,148,ROSMU,1,0,-,-,150,,
,624,ML,PD; GM,148,ROSMU,1,0,-,-,150,,
,624,ML,PD; GM,148,BERTH,1,0,-,-,400,,
,624,ML,PD; GM,148,BERTH,1,1,J3247,J3247,350,,
,624,ML,PD; GM,148,VIBDI,1,0,-,-,125,,
,624,ML,PD; GM,148,BERTH,1,0,-,-,400,,
,624,ML,PD; GM,148,BERTH,1,0,-,-,200,,
,624,ML,PD; GM,148,VIBAC,1,0,-,-,60,,
,624,ML,PD; GM,148,BERTH,1,0,-,-,200,,
,624,ML,PD; GM,149,RUBXX,1,0,-,-,25,,
,624,ML,PD; GM,149,ROSMU,1,0,-,-,150,,
,624,ML,PD; GM,149,RUBXX,1,0,-,-,35,,
,624,ML,PD; GM,149,BERTH,1,0,-,-,300,,
,624,ML,PD; GM,149,ROSMU,1,0,-,-,100,,
46,624,ML,PD;GM,147,VIBDI,1,0,-,-,120,,
,624,ML,PD;GM,147,VIBDI,1,0,-,-,100,,
,624,ML,PD;GM,147,VIBDI,2,0,-,-,100,,
,624,ML,PD;GM,147,VIBDI,1,0,-,-,80,,
,624,ML,PD;GM,147,VIBDI,1,0,-,-,75,,
,624,ML,PD;GM,147,VIBDI,1,0,-,-,105,,
,624,ML,PD;GM,147,BERTH,1,0,-,-,300,,
,624,ML,PD;GM,147,VIBDI,1,0,-,-,35,,
,624,ML,PD;GM,147,VIBDI,1,0,-,-,90,,
,624,ML,PD;GM,147,VIBDI,1,0,-,-,50,,
,624,ML,PD;GM,147,VIBDI,1,0,-,-,110,,
,624,ML,PD;GM,147,VIBDI,1,0,-,-,100,,
,624,ML,PD;GM,147,VIBDI,1,0,-,-,100,,
,624,ML,PD;GM,147,VIBDI,1,0,-,-,80,,
,624,ML,PD;GM,147,VIBDI,1,0,-,-,175,,
,624,ML,PD;GM,147,VIBDI,1,0,-,-,115,,
,624,ML,PD;GM,147,VIBDI,1,0,-,-,130,,
,624,ML,PD;GM,147,VIBDI,1,0,-,-,140,,
,624,ML,PD;GM,147,VIBAC,1,0,-,-,35,,
,624,ML,PD;GM,147,VIBDI,1,0,-,-,200,,
,624,ML,PD;GM,147,VIBDI,1,0,-,-,130,,
,624,ML,PD;GM,147,VIBDI,1,0,-,-,150,,
,624,ML,PD;GM,147,VIBDI,1,1,J3241,J3241,80,,
,624,ML,PD;GM,147,VIBDI,1,0,-,-,300,,
,624,ML,PD;GM,147,VIBDI,1,0,-,-,200,,
,624,ML,PD;GM,147,VIBDI,1,1,J3242,J3242,80,,
,624,ML,PD;GM,147,VIBDI,1,0,-,-,300,,
,624,ML,PD;GM,147,VIBDI,1,2,J3243,J3244,220,,
,624,ML,PD;GM,147,VIBDI,1,0,-,-,150,,
,624,ML,PD;GM,147,VIBAC,1,0,-,-,50,,
,624,ML,PD;GM,147,VIBDI,1,0,-,-,350,,
,624,ML,PD;GM,147,VIBDI,1,0,-,-,175,,
,624,ML,PD;GM,147,VIBAC,1,0,-,-,40,,
47,628,ML,PD; HW,153,PRUSE,1,1,J3455,J3455,90,,
,628,ML,PD; HW,153,VIBAC,1,3,J3365,J3367,70,,
,628,ML,PD; HW,154,PRUSE,1,0,-,-,20,,
,628,ML,PD; HW,154,RUBXX,1,1,J3368,J3368,15,,
,628,ML,PD; HW,154,PRUSE,1,2,J3369,J3370,100,,
,628,ML,PD; HW,154,RUBXX,1,0,-,-,13,,
,628,ML,PD; HW,154,RUBXX,1,0,-,-,40,,
,628,ML,PD; HW,154,RUBXX,1,0,-,-,30,,
,628,ML,PD; HW,154,AMEXX,1,1,-,-,80,,
,628,ML,PD; HW,154,AMEXX,1,0,-,-,35,,
,628,ML,PD; HW,154,AMEXX,1,0,-,-,135,,
,628,ML,PD; HW,154,PRUSE,1,2,J3371,J3372,50,,
,628,ML,PD; HW,154,AMEXX,1,0,-,-,50,,
,628,ML,PD; HW,154,AMEXX,1,0,-,-,65,,
,628,ML,PD; HW,154,AMEXX,1,1,J3373,J3373,70,,
,628,ML,PD,155,VIBDI,1,2,J3458,J3459,110,,
,628,ML,DR; GA,155,ROSMU,1,0,-,-,70,,
,628,ML,DR; GA,155,ROSMU,1,0,-,-,100,,
,628,ML,DR; GA,155,ROSMU,1,0,-,-,110,,
,628,ML,DR; GA,155,ROSMU,2,0,-,-,80,,
,628,ML,DR; GA,155,ROSMU,1,0,-,-,40,,
,628,ML,DR; GA,155,MALXX,1,2,J3460,J3461,200,,
,628,ML,DR; GA,155,RUBXX,1,1,J3462,J3462,35,,
,628,ML,DR; GA,155,PRUSE,1,5,J3463,J3467,105,,
,628,ML,DR; GA,155,LIGOB,1,0,-,-,80,,
,628,ML,DR; GA,155,PRUSE,2,6,J3468,J3473,150,,
,628,ML,DR; GA,155,AMEXX,1,0,-,-,130,,
,628,ML,DR; GA,155,MALXX,1,3,J3474,J3476,150,,
,628,ML,DR; GA,155,PRUSE,3,5,J3477,J3481,135,,
,628,ML,DR; GA,155,MALXX,1,0,-,-,120,,
,628,ML,DR; GA,155,MALXX,2,1,J3482,J3482,130,,
,628,ML,DR; GA,155,AMEXX,1,2,J3483,J3484,90,,
,628,ML,DR; GA,155,ROSMU,1,2,J3485,J3486,40,,
48,628,ML,PD;HW,153,CRAXX,1,0,-,-,120,,
,628,ML,PD;HW,153,MALXX,1,0,-,-,80,,
,628,ML,PD;HW,153,EUOAL,1,0,-,-,80,,
,628,ML,PD;HW,153,PRUSE,1,0,-,-,30,,
,628,ML,PD;HW,153,VIBAC,1,0,-,-,32,,
,628,ML,PD;HW,153,VIBAC,1,1,J3438,J3438,60,,
,628,ML,PD;HW,153,VIBAC,1,1,J3439,J3439,100,,
,628,ML,PD;HW,153,VIBAC,1,0,-,-,28,,
,628,ML,PD;HW,153,VIBAC,1,0,J3440,J3440,20,,
,628,ML,PD;HW,153,VIBAC,1,2,J3441,J3442,86,,
,628,ML,PD;HW,153,VIBAC,1,0,J3443,J3443,28,,
,628,ML,PD;HW,153,AMEXX,1,0,-,-,120,,
,628,ML,PD;HW,153,AMEXX,1,0,-,-,200,,
,628,ML,PD;HW,153,VIBAC,1,0,-,-,120,,
,628,ML,PD;HW,153,VIBAC,1,0,-,-,60,,
,628,ML,PD;HW,153,VIBAC,1,0,-,-,95,,
,628,ML,PD;HW,153,PRUSE,1,1,J3444,J3444,50,,
,628,ML,PD;HW,153,VIBDE,1,0,-,-,40,,
,628,ML,PD;HW,153,AMEXX,1,1,J3445,J3445,125,,
,628,ML,PD;HW,153,RUBXX,1,0,-,-,10,,
,628,ML,PD;HW,153,PRUSE,1,0,-,-,60,,
,628,ML,PD;HW,153,PRUSE,1,0,-,-,61,,
,628,ML,PD;HW,153,FRAAM,1,0,-,-,14,,
,628,ML,PD;HW,153,AMEXX,1,0,-,-,39,,
,628,ML,PD;HW,153,VIBAC,1,1,J3448,J3448,35,,
,628,ML,PD;HW,153,VIBAC,1,0,-,-,70,,
,628,ML,PD;HW,153,AMEXX,1,3,J3449,J3451,65,,
,628,ML,PD;HW,153,VIBAC,1,0,-,-,100,,
,628,ML,PD;HW,153,VIBAC,1,0,-,-,60,,
,628,ML,PD;HW,153,PRUSE,1,1,J3452,J3453,50,,
,628,ML,PD;HW,153,VIBAC,1,1,J3454,J3454,75,,
49,628,ML,PD;HW,152,LONMO,1,0,-,-,50,,
,628,ML,PD;HW,152,LONMO,1,0,-,-,75,,
,628,ML,PD;HW,152,LONMO,1,0,-,-,90,,
,628,ML,PD;HW,152,LONMO,1,0,-,-,75,,
,628,ML,PD;HW,152,LONMO,1,0,-,-,75,,
,628,ML,PD;HW,152,LONMO,1,1,J3427,J3427,160,,
,628,ML,PD;HW,152,LONMO,1,0,-,-,150,,
,628,ML,PD;HW,152,LONMO,1,1,J3428,J3428,65,,
,628,ML,PD;HW,152,SAMCA,1,0,-,-,30,,
,628,ML,PD;HW,152,LONMO,1,0,-,-,175,,
,628,ML,PD;HW,152,LONMO,1,0,-,-,160,,
,628,ML,PD;HW,152,LONMO,1,1,J3429,J3429,120,,
,628,ML,PD;HW,152,LONMO,1,0,-,-,70,,
,628,ML,PD;HW,152,LONMO,1,0,-,-,90,,
,628,ML,PD;HW,152,LONMO,1,1,J3430,J3430,115,,
,628,ML,PD;HW,152,LONMO,1,2,J3431,J3432,175,,
,628,ML,PD;HW,152,VIBDE,1,0,-,-,85,,
,628,ML,PD;HW,152,VIBDE,2,0,-,-,65,,
,628,ML,PD;HW,152,LONMO,1,2,J3433,J3434,225,,
,628,ML,PD;HW,153,VIBAC,1,0,-,-,50,,
,628,ML,PD;HW,153,VIBAC,1,1,J3435,J3435,80,,
,628,ML,PD;HW,153,VIBAC,1,0,-,-,75,,
,628,ML,PD;HW,153,VIBAC,1,0,-,-,30,,
,628,ML,PD;HW,153,VIBAC,1,1,J3436,J3436,25,,
,628,ML,PD;HW,153,AMEXX,1,0,-,-,50,,
,628,ML,PD;HW,153,VIBAC,1,0,-,-,50,,
,628,ML,PD;HW,153,MALXX,1,0,-,-,125,,
,628,ML,PD;HW,153,MALXX,1,1,J3437,J3437,100,,
,628,ML,PD;HW,153,VIBAC,1,0,-,-,35,,
,628,ML,PD;HW,153,VIBAC,1,0,-,-,50,,
,628,ML,PD;HW,153,VIBAC,1,0,-,-,42,,
,628,ML,PD;HW,153,FRAAM,1,0,-,-,6,,
,628,ML,PD;HW,153,VIBAC,1,0,-,-,80,,
50,629,PD,DR,154,ROSMU,1,1,J3487,J3487,50,,
,629,PD,DR,154,MALXX,1,3,J3551,J3553,130,,
,629,PD,DR,154,ROSMU,1,0,-,-,45,,
,629,PD,DR,154,BERTH,1,0,-,-,300,,
,629,PD,DR,154,BERTH,1,1,J3554,J3554,800,,
,629,PD,DR,154,BERTH,1,0,-,-,150,,
,629,PD,DR,154,ROSMU,1,0,-,-,60,,
,629,PD,DR,154,EUOAL,1,0,-,-,50,,
,629,PD,DR,154,ROSMU,1,4,J3555,J3558,50,,
,629,PD,DR,154,ROSMU,1,0,-,-,120,,
,629,PD,DR,154,ROSMU,1,1,J3559,J3559,100,,
,629,PD,DR,154,ROSMU,1,0,-,-,90,,
,629,PD,DR,154,ROSMU,1,0,-,-,35,,
,629,PD,DR,154,ROSMU,1,0,-,-,60,,
,629,PD,DR,154,AMEXX,1,1,J3560,J3560,175,,
,629,PD,DR; GA,155,LIGOB,1,0,-,-,75,,
,629,PD,DR; GA,155,ROSMU,1,0,-,-,125,,
,629,PD,DR; GA,155,LIGOB,1,0,-,-,50,,
,629,PD,DR; GA,155,ROSMU,1,0,-,-,30,,
,629,PD,DR; GA,155,LIGOB,1,0,-,-,170,,
,629,PD,DR; GA,155,BERTH,1,1,J3561,J3561,300,,
,629,PD,DR; GA,155,ROSMU,1,0,-,-,90,,
,629,PD,DR; GA,155,MALXX,1,0,-,-,80,,
,629,PD,DR; GA,155,LIGOB,1,0,-,-,60,,
,629,PD,DR; GA,155,ROSMU,1,0,-,-,175,,
,629,PD,DR; GA,155,MALXX,1,0,-,-,50,,
,629,PD,DR; GA,155,ROSMU,1,0,-,-,50,,
51,630,ML,HW,156,FRAAM,1,1,J3582,J3582,7,,
,630,ML,HW,156,VIBAC,1,0,-,-,80,,
,630,ML,HW,156,VIBAC,1,0,-,-,65,,
,630,ML,HW,156,BERTH,1,0,-,-,550,,
,630,ML,HW,156,ROSMU,1,0,-,-,60,,
,630,ML,HW,156,BERTH,1,0,-,-,300,,
,630,ML,HW,156,ROSMU,1,0,-,-,75,,
,630,ML,HW,156,ROSMU,1,0,-,-,150,,
,630,ML,HW,156,VIBAC,1,0,-,-,90,,
,630,ML,HW,156,AMEXX,1,0,-,-,35,,
,630,ML,HW,156,FRAAM,1,0,-,-,11,,
,630,ML,HW,156,PRUSE,1,0,-,-,60,,
,630,ML,HW,156,LONMO,1,0,-,-,45,,
,630,ML,HW,156,SAMCA,1,1,J3583,J3583,32,,
,630,ML,HW,157,LIGOB,1,0,-,-,90,,
,630,ML,HW,157,AMEXX,1,0,-,-,100,,
,630,ML,HW,157,FRAM,1,0,-,-,28,,
,630,ML,HW,157,ROSMU,1,0,-,-,60,,
,630,ML,HW,157,VIBAC,1,1,J3584,J3584,37,,
,630,ML,HW,157,BERTH,1,1,J3585,J3585,350,,
,630,ML,HW,157,BERTH,2,0,-,-,300,,
,630,ML,HW,157,AMEXX,1,0,J3586,J3586,50,,
,630,ML,HW,157,ROSMU,1,0,-,-,120,,
,630,ML,HW,157,AMEXX,1,0,-,-,51,,
,630,ML,HW,157,ROSMU,1,0,-,-,35,,
,630,ML,HW,157,AMEXX,1,0,-,-,30,,
,630,ML,HW,157,ROSMU,1,0,-,-,125,,
,630,ML,HW,157,LONMO,1,0,-,-,35,,
,630,ML,HW,157,VIBAC,1,0,-,-,30,,
,630,ML,HW,157,VIBAC,1,0,-,-,25,,
,630,ML,HW,157,BERTH,1,2,J3587,J3588,275,,
,630,ML,HW;PD,157,VIBAC,1,0,-,-,40,,
,630,ML,HW;PD,157,VIBAC,1,1,J3589,J3589,40,,
,630,ML,ML,159,VIBSI,1,0,-,-,100,,
,630,ML,ML,159,ROSMU,1,0,-,-,175,,
,630,RP,PD; KD,159,VIBSI,1,1,J3604,J3604,150,,
,630,RP,PD; KD,159,VIBSI,1,2,J3605,J3606,120,,
,630,ML,ML,159,VIBSI,1,0,-,-,120,,
,630,ML,ML,159,VIBDI,1,0,-,-,300,,
,630,RP,PD; KD,159,ROSMU,1,1,J3607,J3607,200,,
,630,ML,ML,159,BERTH,1,2,J3608,J3609,600,,
,630,RP,PD; KD,159,VIBSI,1,0,-,-,80,,
52,630,ML,ML,159,VIBSI,1,0,-,-,100,,
,630,ML,ML,159,VIBSI,1,0,-,-,100,,
,701,PD,ML,201,FRAAM,1,0,-,-,35,SUN A,
,701,PD,ML,201,FRAAM,2,1,K4001,K4001,100,SUN A,
,701,PD,ML,201,ROSMU,1,0,-,-,150,A,
,701,PD,ML,201,ROSMU,2,0,-,-,220,A,
,701,PD,ML; DR,201,FRAAM,1,0,-,-,40,SUN  ,
,701,PD,ML; DR,201,FRAAM,2,0,-,-,120,SUN A,
,701,PD,ML; DR,201,FRAAM,3,0,-,-,30,SUN ,
,701,PD,ML; DR,201,FRAAM,1,0,-,-,60,SUN,
,701,PD,ML; DR,201,MALXX,1,0,-,-,60,,
,701,PD,ML; DR,201,FRAAM,1,0,-,-,45,,
,701,PD,ML; DR,201,FRAAM,2,0,-,-,34,,
,701,PD,ML; DR,201,MALXX,2,0,-,-,120,A,
,701,PD,ML; DR,201,FRAAM,1,2,K4002,K4003,75,SNAP,
,701,PD,ML; DR,201,FRAAM,1,0,-,-,40,,
,701,PD,ML; DR,201,FRAAM,1,0,-,-,65,A,
,701,PD,ML; DR,201,FRAAM,2,1,K4004,K4004,100,A,
,701,PD,ML; DR,201,FRAAM,3,1,K4005,K4005,60,A,
,701,PD,ML; DR,201,FRAAM,4,0,-,-,120,A,
,701,PD,ML; DR,201,RUBXX,1,0,-,-,7,,
,701,PD,ML; DR,201,FRAAM,1,1,K4006,K4006,175,A,
,701,PD,ML; DR,201,FRAAM,2,1,K4007,K4007,90,,
,701,PD,ML; DR,201,FRAAM,1,0,-,-,31,,
53,630,ML,HW;PD,158,VIBAC,1,0,-,-,60,,
,630,ML,HW;PD,158,VIBAC,1,3,-,-,25,,
,630,ML,HW;PD,158,LONMO,1,2,J3590,J3592,290,,
,630,ML,HW;PD,158,LONMO,2,1,J3593,J3594,100,,
,630,ML,HW;PD,158,VIBAC,1,0,J3595,J3595,75,,
,630,ML,HW;PD,158,VIBAC,3,5,-,-,50,,
,630,ML,HW;PD,158,LONMO,1,0,J3596,J3600,200,,
,630,ML,HW;PD,158,AMEXX,1,0,-,-,80,,
,630,ML,HW;PD,158,ROSMU,1,1,J3601,J3601,40,,
,630,ML,HW;PD,158,FRAAM,1,0,-,-,9,,
,630,ML,HW;PD,158,ROSMU,1,0,-,-,30,,
,630,ML,HW;PD,158,AMEXX,1,0,-,-,40,,
,630,ML,HW;PD,158,ROSMU,1,0,-,-,100,,
,630,ML,HW;PD,158,ROSMU,2,0,-,-,115,,
,630,ML,HW;PD,158,ROSMU,1,0,-,-,55,,
,630,ML,HW;PD,158,VIBDE,1,0,-,-,70,,
,630,ML,HW;PD,158,AMEXX,1,0,-,-,90,,
,630,ML,HW;PD,158,AMEXX,1,0,-,-,16,,
,630,ML,HW;PD,158,AMEXX,1,0,-,-,150,,
,630,ML,HW;PD,158,FRAAM,1,0,-,-,25,,
,630,ML,HW;PD,158,VIBAC,1,0,-,-,70,,
,630,ML,HW;PD,158,VIBAC,1,0,-,-,30,,
,630,ML,HW;PD,158,AMEXX,1,0,-,-,45,,
,630,ML,HW;PD,158,VIBAC,1,0,-,-,25,,
,630,ML,HW;PD,158,VIBAC,1,0,-,-,350,,
,630,ML,HW;PD,158,VIBAC,1,0,-,-,80,,
,630,ML,HW;PD,158,VIBAC,1,0,-,-,50,,
,630,ML,HW;PD,158,BERTH,1,0,-,-,300,,
,630,PD,RP;KD,159,BERTH,1,1,J3602,J3602,500,,
,630,RP,DR;KD,159,BERTH,1,0,-,-,1000,,
,630,ML,ML,159,VIBSI,1,0,-,-,80,,
,630,ML,ML,159,VIBSI,1,0,-,-,100,,
,630,ML,ML,159,VIBSI,1,1,-,-,175,,
54,630,HW,DR,159,BERTH,1,1,J3055,J3055,40,,
,630,HW,DR,159,BERTH,1,1,J3056,J3056,200,,
,630,HW,DR,159,BERTH,1,2,J3057,J3058,700,,
,630,HW,DR,159,BERTH,1,0,-,-,275,,
,630,HW,DR,159,BERTH,1,0,-,-,190,,
,630,HW,DR,159,VIBSI,1,0,-,-,60,,
,630,HW,DR,159,VIBSI,2,2,J359,J360,200,,
,702,RP,PD,203,BERTH,1,1,K4063,K4063,300,A,
,702,RP,PD,203,BERTH,1,0,-,-,600,,
,702,RP,PD,203,LIGOB,1,0,-,-,200,A,
,702,RP,PD,203,LIGOB,1,0,-,-,80,A,
,702,RP,PD,203,VIBSI,1,1,K4064,K4064,90,,
,702,RP,PD,203,BERTH,1,0,-,-,200,A,
,702,RP,PD,203,BERTH,1,0,-,-,400,A,
,702,RP,PD,203,BERTH,1,0,-,-,500,A,
,702,RP,PD,203,BERTH,1,0,-,-,300,,
,702,RP,PD,203,BERTH,1,0,-,-,300,A,
,702,RP,PD,203,BERTH,1,0,-,-,300,A,
,702,RP,PD,203,BERTH,1,0,-,-,400,A,
,702,RP,PD,203,EUOAL,1,0,-,-,75,A,
,702,RP,PD,203,BERTH,1,0,-,-,500,A,
,702,RP,PD,203,BERTH,2,0,-,-,500,,
,702,RP,PD,203,BERTH,1,0,-,-,500,,
,702,RP,PD,203,ROSMU,1,0,-,-,50,,
,702,RP,PD,203,BERTH,1,0,-,-,100,,
,702,RP,PD,203,ROSMU,1,0,-,-,70,A,
,702,RP,PD,203,VIBDI,1,0,-,-,40,,
,702,RP,PD,203,BERTH,1,0,-,-,500,,
,702,RP,PD,203,FRAAM,1,1,K4065,K4065,8,,
,702,RP,PD,203,BERTH,1,0,-,-,150,,
,702,RP,PD,203,VIBDI,1,0,-,-,40,A,
,702,RP,PD,203,MALXX,1,0,-,-,70,,
,702,RP,PD,203,MALXX,2,1,K4069,K4069,175,K4066-K4068 ARE ON PAGE 11,
55,701,PD,DR;ML,202,PRUSE,1,0,-,-,75,,
,701,PD,DR;ML,202,PRUSE,1,1,K4025,K4025,90,,
,701,PD,DR;ML,202,LIGOB,2,0,K4026,K4026,60,,
,701,PD,DR;ML,202,LIGOB,1,0,-,-,100,,
,701,PD,DR;ML,202,LIGOB,2,0,-,-,150,,
,701,PD,DR;ML,202,VIBDI,3,1,K4027,K4027,60,,
,701,PD,DR;ML,202,VIBDI,1,1,K4028,K4028,80,,
,701,PD,DR;ML,202,RUBXX,1,1,K4029,K4029,40,,
,701,PD,DR;ML,202,RUBXX,1,0,-,-,30,,
,701,PD,DR;ML,202,LIGOB,1,0,-,-,90,,
,701,PD,DR;ML,202,PRUSE,1,0,-,-,70,,
,701,PD,DR;ML,202,RUBXX,1,0,-,-,40,,
,701,PD,DR;ML,202,LIGOB,1,0,-,-,200,,
,701,PD,DR;ML,202,LIGOB,1,0,-,-,170,A,
,701,PD,DR;ML,202,LIGOB,1,1,K4030,K4030,600,A,
,701,PD,DR;ML,202,ROSMU,1,1,K4031,K4031,70,A,
56,701,PD,DR; ML,201,FRAAM,4,2,K4008,K4009,140,,
,701,PD,DR; ML,201,PRUSE,1,0,-,-,65,,
,701,PD,DR; ML,201,FRAAM,1,0,-,-,60,A,
,701,PD,DR; ML,201,FRAAM,2,1,K4010,K4010,40,,
,701,PD,DR; ML,201,PRUSE,2,1,K4011,K4011,90,,
,701,PD,DR; ML,201,PRUSE,3,0,-,-,70,,
,701,PD,DR; ML,201,PRUSE,4,1,K4012,K4012,90,,
,701,PD,DR; ML,201,ROSMU,1,2,K4013,K4014,200,,
,701,PD,DR; ML,201,ROSMU,1,0,-,-,50,,
,701,PD,DR; ML,201,ROSMU,1,1,K4015,K4015,190,,
,701,PD,DR; ML,201,PRUSE,1,0,-,-,75,,
,701,PD,DR; ML,201,EUOAL,1,1,K4016,K4016,100,A,
,701,PD,DR; ML,201,PRUSE,2,0,-,-,60,,
,701,PD,DR; ML,201,PRUSE,1,1,K4017,K4017,90,,
,701,PD,DR; ML,201,MALXX,1,0,-,-,50,,
,701,PD,DR; ML,201,FRAAM,1,0,-,-,28,,
,701,PD,DR; ML,201,ROSMU,1,0,-,-,200,,
,701,PD,DR; ML,201,ROSMU,2,0,-,-,170,,
,701,PD,DR; ML,201,MALXX,1,0,-,-,60,,
,701,PD,DR; ML,201,BERTH,1,0,-,-,500,A,
,701,PD,DR; ML,201,ROSMU,1,0,-,-,15,,
,701,PD,DR; ML,201,RUBPH,1,0,-,-,21,,
,701,PD,DR; ML,201,ROSMU,1,0,-,-,350,,
,701,PD,DR; ML,201,ROSMU,2,2,K4018,K4019,200,,
,701,PD,DR; ML,201,FRAAM,1,1,K4020,K4020,50,A,
,701,PD,DR; ML,201,FRAAM,2,0,-,-,35,,
,701,PD,DR; ML,201,RUBXX,1,1,K4021,K4021,25,A,
,701,PD,DR; ML,201,FRAAM,3,1,K4022,K4022,90,,
,701,PD,DR; ML,201,FRAAM,4,1,K4023,K4023,80,,
,701,PD,DR; ML,201,FRAAM,5,0,-,-,50,,
,701,PD,DR; ML,201,MALXX,1,0,-,-,220,,
,701,PD,DR; ML,201,MALXX,1,1,K4024,K4024,400,,
57,702,DR,KD,203,MALXX,1,0,-,-,70,,
,702,DR,KD,203,MALXX,1,0,-,-,200,A,
,702,DR,KD,203,MALXX,2,0,-,-,100,A,
,702,DR,KD,203,BERTH,3,0,-,-,1000,A,
,702,DR,KD,203,BERTH,1,0,-,-,300,,
,702,DR,KD,203,FRAAM,1,0,-,-,25,,
,702,DR,KD,203,FRAAM,1,0,-,-,25,,
,702,DR,KD,203,PRUSE,2,4,K4094,K4097,130,,
,702,DR,KD,203,BERTH,1,0,-,-,800,A,
,702,DR,KD,203,PRUSE,1,2,K4098,K4099,110,,
,702,DR,KD,203,BERTH,2,0,-,-,400,A,
,702,DR,KD,203,VIBDI,1,1,K4100,K4100,190,A,
,702,DR,KD,203,BERTH,1,0,-,-,500,A,
,702,DR,KD,203,VIBDI,1,0,-,-,110,,
,702,DR,KD,203,EUOAL,1,0,-,-,30,,
,702,DR,KD,203,BERTH,1,0,-,-,800,A,
,702,DR,KD,203,MALXX,1,0,-,-,150,A,
,702,DR,KD,203,BERTH,1,0,-,-,400,A,
,702,DR,KD,203,MALXX,1,0,-,-,950,A,
,702,DR,KD,203,MALXX,2,2,K4101,K4102,130,A,
,702,DR,KD,203,MALXX,1,1,K4103,K4103,85,,
,702,DR,KD,203,EUOAL,1,1,K4104,K4104,250,A,
,702,DR,KD,203,VIBDI,1,0,-,-,100,,
,702,DR,KD,203,RUBXX,1,0,-,-,15,,
,702,DR,KD,203,VIBDI,1,0,-,-,50,,
,702,DR,KD,203,VIBPL,1,0,-,-,30,,
,702,DR,KD,203,MALXX,1,0,-,-,60,,
,702,DR,KD,203,MALXX,2,0,-,-,80,,
,702,DR,KD,203,VIBDI,1,0,-,-,120,,
,702,DR,KD,203,ROSMU,1,0,-,-,50,,
,702,DR,KD,203,ROSMU,1,1,K4105,K4105,150,,
,702,DR,KD,203,ROSMU,1,1,K4106,K4106,100,A,
,702,DR,KD,203,ROSMU,1,0,-,-,100,A,
58,702,RP,ML; HW,203,MALXX,1,3,K4066,K4068,150,,
,702,RP,PD,203,MALXX,3,0,-,-,225,A,
,702,RP,ML; HW,203,MALXX,1,4,K4070,K4073,220,A,
,702,RP,PD,203,ROSMU,1,2,K4074,K4075,150,,
,702,RP,PD,203,ROSMU,1,0,-,-,50,A,
,702,RP,PD,203,ROSMU,1,0,-,-,60,,
,702,RP,ML; HW,203,MALXX,1,2,K4076,K4077,100,,
,702,RP,PD,203,VIBDI,1,0,-,-,200,A,
,702,RP,PD,203,MALXX,2,0,-,-,75,,
,702,RP,ML; HW,203,PRUSE,1,1,K4078,K4078,70,,
,702,RP,ML; HW,203,ROSMU,1,1,K4079,K4079,75,A,
,702,RP,ML; HW,203,ROSMU,1,0,-,-,75,,
,702,RP,ML; HW,203,ROSMU,1,1,K4080,K4080,150,,
,702,RP,ML; HW,203,ROSMU,1,1,K4081,K4081,50,,
,702,RP,ML; HW,203,ROSMU,1,0,-,-,50,,
,702,RP,ML; HW,203,FRAAM,1,1,K4082,K4082,25,,
,702,RP,PD,203,ROSMU,1,0,-,-,70,A,
,702,RP,PD,203,ROSMU,1,1,K4085,K4085,100,,
,702,RP,ML; HW,203,ROSMU,1,0,-,-,70,,
,702,RP,ML; HW,203,ROSMU,1,2,K4083,K4084,180,A,
,702,RP,PD,203,ROSMU,1,1,K4085,K4085,150,,
,702,RP,ML; HW,203,ROSMU,1,0,-,-,150,A,
,705,ML,ML ,205,ROSMU,1,0,-,-,150,,
,705,ML,ML ,205,MALXX,1,1,K4141,K4141,120,FULL-SIZED APPLES,
,705,ML,ML ,205,ROSMU,1,0,-,-,100,,
,705,ML,ML ,205,ROSMU,1,6,K4135,K4140,150,A; 5 THINGS THAT MAY BE CATS? SEE VIALS,
59,702,DR,KD,203,ROSMU,1,0,-,-,80,,
,702,DR,KD,203,ROSMU,1,0,-,-,50,A,
,705,ML,ML,204,ROSMU,1,2,K4125,K4126,200,A,
,705,ML,ML,204,ROSMU,2,0,-,-,80,A,
,705,ML,ML,204,ROSMU,3,0,-,-,115,,
,705,ML,ML,204,PRUSE,1,0,-,-,100,,
,705,ML,ML,204,PRUSE,2,0,-,-,130,,
,705,ML,ML,204,PRUSE,1,0,-,-,85,,
,705,ML,ML,204,PRUSE,2,0,-,-,100,,
,705,ML,ML,204,LONMO,1,0,-,-,85,A; EGGS,
,705,ML,ML,204,LONMO,2,1,K4127,K4127,175,A,
,705,ML,ML,204,LONMO,3,1,K4128,K4128,160,,
,705,ML,ML,204,PRUSE,1,0,-,-,150,A,
,705,ML,ML,204,ROSMU,1,0,-,-,90,A,
,705,ML,ML,204,PRUSE,1,0,-,-,60,A,
,705,ML,ML,204,FRAAM,1,0,-,-,50,A,
,705,ML,ML,204,FRAAM,2,0,-,-,80,A,
,705,ML,ML,204,FRAAM,3,0,-,-,60,A,
,705,ML,ML,204,FRAAM,4,0,-,-,95,,
,705,ML,ML,204,LONMO,1,0,-,-,80,,
,705,ML,ML,204,ROSMU,1,1,K4129,K4129,250,,
,705,ML,ML,205,ROSMU,1,1,K4130,K4130,200,,
,705,ML,ML,205,FRAAM,1,0,-,-,40,,
,705,ML,ML,205,FRAAM,2,0,-,-,50,,
,705,ML,ML,205,VIBPL,1,0,-,-,120,,
,705,ML,ML,205,VIBPL,1,0,-,-,150,,
,705,ML,ML,205,VIBPL,1,0,-,-,200,,
,705,ML,ML,205,ROSMU,1,0,-,-,35,,
,705,ML,ML,205,ROSMU,1,2,K4131,K4132,105,,
,705,ML,ML,205,ROSMU,1,0,-,-,120,,
,705,ML,ML,205,ROSMU,1,1,K4133,K4133,200,,
,705,ML,ML,205,ROSMU,1,1,K4134,K4134,115,,
,705,ML,ML,205,BERTH,1,0,-,-,800,A,
60,706,PD,DR; ML; HW,207,MALXX,1,0,-,-,70,,
,706,PD,DR; ML; HW,207,FRAAM,1,0,-,-,30,,
,706,PD,DR; ML; HW,207,BERTH,1,0,-,-,700,A,
,706,PD,DR; ML; HW,207,BERTH,2,0,-,-,1200,,
,706,PD,DR; ML; HW,207,MALXX,1,3,K4238,K4240,175,,
,706,PD,DR; ML; HW,207,BERTH,1,1,K4241,K4241,750,A,
,706,PD,DR; ML; HW,207,LIGOB,1,0,-,-,80,,
,706,PD,DR; ML; HW,207,PRUSE,1,3,K4242,K4243,75,,
,706,PD,DR; ML; HW,207,FRAAM,1,1,K4244,K4244,40,A,
,706,PD,DR; ML; HW,207,BERTH,1,1,K4245,K4245,550,A,
,706,PD,DR; ML; HW,207,LONMO,1,0,-,-,45,,
,706,PD,DR; ML; HW,207,ROSMU,1,0,-,-,50,,
,706,PD,DR; ML; HW,207,ROSMU,1,0,-,-,80,A,
,706,PD,DR; ML; HW,207,FRAAM,1,1,K4246,K4246,20,,
,706,PD,DR; ML; HW,207,LIGOB,1,0,-,-,60,,
,706,PD,DR; ML; HW,207,ROSMU,1,0,-,-,70,A,
,706,PD,DR; ML; HW,207,PRUSE,1,2,K4247,K4248,70,,
,706,PD,DR; ML; HW,207,ROSMU,1,0,-,-,210,A,
,706,PD,DR; ML; HW,207,ROSMU,1,0,-,-,100,A,
,706,PD,DR; ML; HW,207,ROSMU,1,1,K4034,K4034,120,,
,706,PD,DR; ML; HW,207,LIGOB,1,0,-,-,130,,
,706,PD,DR; ML; HW,207,ROSMU,1,0,-,-,250,A,
,706,PD,DR; ML; HW,207,ROSMU,1,1,K4035,K4035,60,A,
,706,PD,DR; ML; HW,207,ROSMU,1,0,-,-,120,A,
,706,PD,DR; ML; HW,207,LIGOB,1,1,K4036,K4036,80,,
,706,PD,DR; ML; HW,207,ROSMU,2,0,-,-,50,A,
,706,PD,DR; ML; HW,207,MALXX,1,0,-,-,135,,
,706,PD,DR; ML; HW,207,MALXX,1,0,-,-,90,A,
,706,PD,DR; ML; HW,207,ROSMU,1,0,-,-,100,A,
,706,PD,DR; ML; HW,207,ROSMU,2,2,K4037,K4038,150,,
,706,PD,DR; ML; HW,207,RUBXX,1,0,-,-,20,,
,706,PD,DR; ML; HW,207,RUBXX,1,2,K4039,K4040,30,,
,706,PD,DR; ML; HW,207,RUBXX,1,0,-,-,60,END OF TRAN,
61,706,ML,PD,206,FRAAM,1,0,-,-,41,A,
,706,ML,PD,206,FRAAM,1,0,-,-,11,,
,706,ML,PD,206,PRUSE,1,0,-,-,100,,
,706,ML,PD,206,PRUSE,2,0,-,-,75,,
,706,ML,PD,206,FRAAM,1,2,K4218,K4218,28,,
,706,ML,PD,206,MALXX,1,2,K4219,K4219,275,A,
,706,ML,PD,206,PRUSE,1,0,-,-,100,,
,706,ML,PD,206,PRUSE,1,0,-,-,120,,
,706,ML,PD,206,FRAAM,1,0,-,-,11,A,
,706,ML,PD,206,MALXX,1,0,-,-,100,,
,706,ML,PD,206,MALXX,2,1,K4220,K4220,150,A,
,706,ML,PD,206,BERTH,1,1,K4228,K4228,500,A,
,706,ML,PD,206,BERTH,1,0,-,-,400,,
,706,ML,PD,206,MALXX,1,4,K4221,K4224,125,,
,706,ML,PD,206,MALXX,1,3,K4225,K4227,175,,
,706,ML,PD,206,MALXX,1,3,K4229,K4231,250,A,
,706,ML,PD,206,MALXX,2,1,K4232,K4232,175,A,
,706,ML,PD,206,MALXX,1,0,-,-,150,,
,706,ML,PD,206,MALXX,1,1,K4233,K4233,200,A,
,706,ML,PD,206,FRAAM,1,0,-,-,18,,
,706,ML,PD,206,VIBAC,1,0,-,-,50,,
,706,PD,ML;HW;DR,207,ROSMU,1,0,-,-,80,A,
,706,PD,ML;HW;DR,207,LONMO,1,1,K4234,K4234,175,,
,706,PD,ML;HW;DR,207,VIBLE,1,1,K4235,K4235,150,A,
,706,PD,ML;HW;DR,207,MALXX,1,1,K4236,K4236,120,A,
,706,PD,ML;HW;DR,207,VIBLE,2,1,K4237,K4237,150,,
,706,PD,ML;HW;DR,207,LONMO,2,0,-,-,110,A,
,706,PD,ML;HW;DR,207,VIBLE,3,1,K4238,K4238,200,A,
,706,PD,ML;HW;DR,207,ROSMU,1,0,-,-,120,A,
,706,PD,ML;HW;DR,207,LONMO,1,0,-,-,100,,
,706,PD,ML;HW;DR,207,LIGOB,1,0,-,-,150,,
,706,PD,ML;HW;DR,207,LIGOB,2,0,-,-,300,,
,706,PD,ML;HW;DR,207,LONMO,2,0,-,-,45,,
62,707,ML,GM,208,BERTH,1,0,-,-,500,,
,707,ML,GM,208,BERTH,1,1,K4156,K4156,500,,
,707,ML,GM,208,BERTH,1,2,K4157,K4158,500,,
,707,ML,GM,208,BERTH,1,0,-,-,1200,A,
,707,ML,GM,208,BERTH,1,0,-,-,600,,
,707,ML,GM,208,ROSMU,1,0,-,-,90,,
,707,ML,GM,208,BERTH,1,0,-,-,400,,
,707,ML,GM,208,VIBAC,1,0,-,-,100,,
,707,ML,GM,208,VIBAC,1,0,-,-,80,,
,707,ML,GM,208,VIBAC,1,0,-,-,75,,
,707,ML,GM,208,VIBAC,1,1,K4159,K4159,80,,
,707,ML,GM,208,VIBAC,1,0,-,-,50,,
,707,ML,GM,208,VIBAC,1,0,-,-,80,,
,707,ML,GM,208,VIBDI,1,0,-,-,250,A,
,707,ML,GM,209,ROSMU,1,0,-,-,200,,
,707,ML,GM,209,ROSMU,2,0,-,-,100,,
,707,ML,GM,209,ROSMU,1,0,-,-,300,,
,707,ML,GM,209,ROSMU,1,0,-,-,190,,
,707,ML,GM,209,ROSMU,1,1,K4160,K4160,150,,
,707,ML,GM,209,MALXX,1,1,K4161,K4161,300,,
,707,ML,GM,209,MALXX,2,0,-,-,50,,
,707,ML,GM,209,VIBDI,1,0,-,-,200,,
,707,ML,GM,209,VIBDI,2,0,-,-,225,,
,707,ML,GM,209,FRAAM,1,0,-,-,30,,
,707,ML,GM,209,BERTH,1,0,-,-,350,A,
,707,ML,GM,209,BERTH,1,0,-,-,250,,
,707,ML,GM,209,VIBDI,1,0,-,-,100,,
,707,ML,GM,209,BERTH,1,0,-,-,600,,
,707,ML,GM,209,LIGOB,1,2,K4162,K4163,200,,
,707,ML,GM,209,LIGOB,2,0,-,-,220,,
,707,ML,GM,209,BERTH,1,2,K4164,K4165,850,,
,707,ML,GM,209,BERTH,2,0,-,-,600,,
,707,ML,GM,209,LONMO,1,0,-,-,100,,
63,707,PD,AO,208,VIBAC,1,0,-,-,30,,
,707,PD,AO,208,VIBAC,1,0,-,-,50,,
,707,PD,AO,208,VIBAC,1,0,-,-,30,,
,707,PD,AO,208,VIBAC,1,0,-,-,35,,
,707,PD,AO,208,VIBAC,1,0,-,-,20,,
,707,PD,AO,208,BERTH,1,0,-,-,250,A,
,707,PD,AO,208,BERTH,1,0,-,-,300,A,
,707,PD,AO,208,BERTH,1,0,-,-,400,A,
,707,PD,AO,208,VIBAC,1,0,-,-,15,,
,707,PD,AO,208,VIBAC,1,0,-,-,20,,
,707,PD,AO,208,VIBAC,1,0,-,-,35,,
,707,PD,AO,208,BERTH,1,0,-,-,250,A,
,707,PD,AO,208,VIBAC,1,0,-,-,75,,
,707,PD,AO,208,VIBDI,1,0,-,-,125,,
,707,PD,AO,208,VIBAC,1,0,-,-,50,,
,707,PD,AO,208,VIBAC,1,0,-,-,100,A,
,707,PD,AO,208,VIBAC,1,0,-,-,75,,
,707,PD,AO,208,VIBAC,1,0,-,-,50,A,
,707,PD,AO,209,RUBXX,1,0,-,-,50,,
,707,PD,AO,209,RUBXX,1,0,-,-,15,,
,707,PD,AO,209,ROSMU,1,0,-,-,50,,
,707,PD,AO,209,ROSMU,1,1,K4187,K4187,65,,
,707,PD,AO,209,ROSMU,1,0,-,-,100,A 25% SUN LEAF,
,707,PD,AO,209,ROSMU,1,0,-,-,175,EGGS FOUND,
,707,PD,AO,209,ROSMU,1,1,K4188,K4188,125,,
,707,PD,AO,209,MALXX,1,1,K4189,K4189,150,,
,707,PD,AO,209,ROSMU,1,1,K4190,K4190,100,A,
,707,PD,AO,209,ROSMU,2,0,-,-,50,,
,707,PD,AO,209,ROSMU,3,0,-,-,75,A,
,707,PD,AO,209,ROSMU,4,0,-,-,100,,
,707,PD,AO,209,LONMO,1,1,K4191,K4191,100,,
,707,PD,AO,209,LONMO,1,0,-,-,50,,
,707,PD,AO,209,BERTH,1,0,-,-,600,A END OF DAY,
64,713,RP,ML; PD,210,RHOSC,2,0,-,-,100,A END OF DAY,
,713,RP,ML; PD,210,PRUSE,1,0,-,-,30,,
,713,RP,ML; PD,210,FRAAM,1,0,-,-,10,,
,713,RP,ML; PD,210,MALXX,1,2,K4322,K4323,120,,
,713,RP,ML; PD,210,MALXX,1,0,-,-,200,,
,713,RP,ML; PD,210,MALXX,2,1,K4324,K4324,150,,
,713,RP,ML; PD,210,ROSMU,1,0,-,-,110,A,
,713,RP,ML; PD,210,MALXX,1,2,K4324,K4326,160,A,
,713,RP,ML; PD,210,MALXX,2,6,K4327,K4331,200,A; INCLUDES CAT K4298,
,713,RP,ML; PD,210,MALXX,3,1,K4332,K4332,150,,
,713,RP,ML; PD,210,MALXX,1,4,K4333,K4336,150,A,
,713,RP,ML; PD,210,MALXX,2,0,-,-,70,,
,713,RP,ML; PD,210,MALXX,1,0,-,-,220,A,
,713,RP,ML; PD,210,MALXX,1,2,K4337,K4338,300,,
,713,RP,ML; PD,210,MALXX,1,0,-,-,125,,
,713,RP,ML; PD,210,ROSMU,1,0,-,-,250,,
,713,RP,ML; PD,210,MALXX,1,0,-,-,200,A,
,713,RP,ML; PD,210,MALXX,1,0,-,-,230,A,
,713,RP,ML; PD,210,MALXX,1,0,-,-,300,,
,713,RP,ML; PD,210,MALXX,1,2,K4339,K4340,150,,
,713,RP,ML; PD,210,RUBXX,1,0,-,-,15,,
,713,RP,ML; PD,210,ROSMU,1,1,K4341,K4341,200,,
,713,RP,ML; PD,210,ROSMU,1,0,-,-,75,,
,713,RP,PD,211,PRUSE,1,0,-,-,200,,
,713,RP,PD,211,PRUSE,2,1,K4249,K4249,75,,
,713,RP,PD,211,MALXX,1,1,K4250,K4250,40,,
,713,RP,PD,211,RUBXX,1,1,K4251,K4251,20,A,
,713,RP,ML,211,LIGOB,1,0,-,-,200,,
,713,RP,ML,211,MALXX,1,0,-,-,60,,
,713,RP,ML,211,PRUSE,1,0,-,-,40,,
,713,RP,PD,211,RUBXX,2,0,-,-,20,A,
,713,RP,PD,211,LIGOB,1,0,-,-,140,A,
,713,RP,PD,211,RUBXX,3,0,-,-,20,A,
65,706,DR,HW,206,FRAXX,1,0,-,-,22,A,
,706,DR,HW,206,FRAXX,1,0,-,-,12,,
,706,DR,HW,206,FRAXX,1,0,-,-,22,A,
,706,DR,HW,206,FRAXX,1,0,-,-,4,,
,706,DR,HW,206,FRAXX,1,0,-,-,8,,
,706,DR,HW,206,FRAXX,1,0,-,-,18,A,
,706,DR,HW,206,FRAXX,1,0,-,-,11,,
,706,DR,HW,206,FRAXX,1,0,-,-,8,,
,706,DR,HW,206,VIBDE,1,0,-,-,60,A,
,706,DR,HW,206,PRUSE,1,0,-,-,60,A,
,706,DR,HW,206,MALXX,1,0,-,-,220,A,
,706,DR,HW,206,MALXX,1,0,-,-,110,A,
,706,DR,HW,206,FRAXX,1,0,-,-,56,A,
,706,DR,HW,206,MALXX,1,0,-,-,35,A,
,706,DR,HW,206,MALXX,1,0,-,-,150,A,
,706,DR,HW,206,FRAXX,1,0,-,-,21,,
,706,DR,HW,206,FRAXX,1,0,-,-,28,,
,706,DR,HW,206,FRAXX,1,0,-,-,12,,
,706,DR,HW,206,MALXX,1,1,K4032,K4032,250,A,
,706,DR,HW,206,LONMO,1,0,-,-,200,A,
,706,DR,HW,206,ROSMU,1,1,K4033,K4033,45,A,
,713,RP,PD,210,ROSMU,1,1,K4311,K4311,85,A,
,713,RP,PD,210,BERTH,1,0,-,-,500,A,
,713,RP,PD,210,MALXX,1,0,K4312,K4312,150,A,
,713,RP,PD,210,MALXX,2,1,-,-,80,A,
,713,RP,PD,210,ROSMU,1,0,-,-,50,A,
,713,RP,PD,210,ROSMU,1,0,-,-,90,A,
,713,RP,PD,210,ROSMU,1,0,-,-,210,A,
,713,RP,PD,210,MALXX,1,1,K4313,K4313,120,,
,713,RP,PD,210,LIGOB,1,0,K4314,K4316,120,,
,713,RP,PD,210,MALXX,1,3,K4317,K43,250,,
,713,RP,PD,210,MALXX,2,5,-,-,200,,
,713,RP,PD,210,RHOSC,1,0,-,-,35,A,
66,707,ML,GM,209,ROSMU,1,0,K4166,K4166,120,A,
,707,ML,GM,209,ROSMU,1,0,-,-,120,A,
,707,ML,GM,209,FRAAM,1,0,-,-,40,A,
,707,ML,AO,209,ROSMU,1,0,-,-,25,,
,707,ML,DR,209,LONMO,1,0,-,-,175,A,
,713,AO,KD,210,ROSMU,1,0,-,-,90,A,
,713,AO,KD,210,ROSMU,2,2,K4280,K4280,50,A,
,713,AO,KD,210,LIGOB,1,0,-,-,150,,
,713,AO,KD,210,BERTH,1,0,-,-,200,A,
,713,AO,KD,210,BERTH,2,0,-,-,100,A,
,713,AO,KD,210,LIGOB,1,0,-,-,75,,
,713,AO,KD,210,BERTH,1,0,-,-,400,A,
,713,AO,KD,210,LIGOB,1,0,-,-,200,A,
,713,AO,KD,210,FRAAM,1,0,-,-,6,,
,713,AO,KD,210,BERTH,1,0,-,-,200,,
,713,AO,KD,210,MALXX,1,1,K4282,K4282,90,A,
,713,AO,KD,210,MALXX,2,1,K4283,K4283,170,A,
,713,AO,KD,210,MALXX,1,2,K4284,K4285,150,A,
,713,AO,KD,210,MALXX,1,2,K4286,K4287,175,A,
,713,AO,KD,210,MALXX,1,0,-,-,100,A,
,713,AO,KD,210,MALXX,2,0,-,-,75,,
,713,AO,KD,210,MALXX,1,3,K4288,K4290,100,,
,713,AO,KD,210,FRAAM,1,1,K4291,K4291,50,,
,713,AO,KD,210,MALXX,2,1,K4292,K4292,140,SAME AS LAST MALXX (SAME PLANT),
,713,AO,KD,210,MALXX,3,1,K4293,K4293,120,,
,713,AO,KD,210,MALXX,4,3,K4294,K4296,100,,
,713,AO,KD,210,ROSMU,1,0,-,-,90,,
,713,AO,KD,210,ROSMU,1,0,-,-,50,,
,713,AO,KD,210,ROSMU,1,0,-,-,20,,
,713,AO,KD,210,ROSMU,2,0,-,-,20,,
,713,AO,KD,210,MALXX,1,0,-,-,150,A,
,713,AO,KD,210,MALXX,1,0,-,-,200,A,
,713,AO,KD,210,MALXX,1,0,-,-,70,A,
67,713,KD,AO,211,MALXX,1,0,-,-,140,,
,713,KD,AO,211,ROSMU,1,0,-,-,25,,
,713,KD,AO,211,ROSMU,1,0,-,-,40,,
,713,ML,ML,211,MALXX,1,0,-,-,100,,
,713,ML,ML,211,MALXX,1,0,-,-,150,,
,713,ML,ML,211,MALXX,1,1,K4297,K4297,130,,
,714,PD,ML,212,FRAAM,1,0,-,-,20,,
,714,PD,ML,212,FRAAM,1,0,-,-,50,,
,714,PD,ML,212,FRAAM,2,0,-,-,30,,
,714,PD,ML,212,MALXX,1,3,K4342,K4344,150,,
,714,PD,ML,212,ROSMU,1,0,-,-,50,A,
,714,PD,ML,212,FRAAM,1,0,-,-,75,,
,714,PD,ML,212,PRUSE,1,0,-,-,60,,
,714,PD,ML,212,PRUSE,2,1,K4345,K4345,40,,
,714,PD,ML,212,PRUSE,1,1,K4346,K4346,100,,
,714,PD,ML,212,PRUSE,2,2,K4347,K4348,70,,
,714,PD,ML,212,PRUSE,1,4,K4349,K4352,300,,
,714,PD,ML,212,PRUSE,2,5,K4353,K4356,275,,
,714,PD,ML,212,LONMO,1,0,-,-,120,,
,714,PD,ML,212,PRUSE,1,1,K4357,K4357,175,,
,714,PD,ML,212,VIBAC,1,0,-,-,60,,
,714,PD,ML,212,RUBXX,1,0,-,-,35,A,
,714,PD,ML,212,RUBXX,1,0,-,-,25,,
,714,PD,ML,212,AMEXX,1,0,-,-,60,,
,714,PD,ML,212,AMEXX,2,0,-,-,50,,
,714,PD,ML,212,RUBXX,1,0,-,-,40,,
,714,PD,ML,212,RUBXX,1,0,-,-,65,,
,714,PD,ML,212,PRUSE,1,0,-,-,175,,
,714,PD,ML,212,CRAXX,1,0,-,-,60,,
,714,PD,ML,212,CRAXX,2,0,-,-,80,,
,714,PD,ML,212,PRUSE,1,1,K4358,K4358,100,FOUND ON GRAPE LEAF TOOK TO FEED PRUSE,
,714,PD,ML,212,FRAAM,1,0,-,-,75,A,
,714,PD,ML,212,RUBXX,1,0,-,-,60,,
68,714,PD,ML,212,RUBXX,2,0,-,-,50,,
,715,ML,PD; HW,213,ROSMU,1,1,K4435,K4435,80,,
,715,ML,PD; HW,213,ROSMU,1,0,-,-,75,,
,715,ML,PD; HW,213,ROSMU,1,0,-,-,50,,
,715,ML,PD; HW,213,ROSMU,1,0,-,-,110,A,
,715,ML,PD; HW,213,FRAAM,1,0,-,-,125,A,
,715,ML,PD; HW,213,FRAAM,2,1,K4436,K4436,50,,
,715,ML,PD; HW,213,FRAAM,3,1,K4437,K4437,40,A,
,715,ML,PD; HW,213,FRAAM,4,0,-,-,110,A,
,715,ML,PD; HW,213,ROSMU,1,0,K4438,K4438,60,,
,715,ML,PD; HW,213,ROSMU,1,2,K4439,K4440,100,A,
,715,ML,PD; HW,213,BERTH,1,1,K4441,K4441,225,A,
,715,ML,PD; HW,213,BERTH,2,0,-,-,200,A,
,715,ML,PD; HW,213,RUBXX,1,0,-,-,30,,
,715,ML,PD; HW,213,RUBXX,1,0,-,-,15,A,
,715,ML,PD; HW,213,LONMO,1,0,-,-,100,A,
,715,ML,PD; HW,213,ROSMU,1,1,K4442,K4442,175,A,
,715,ML,PD; HW,213,FRAAM,1,0,-,-,14,,
,715,ML,PD; HW,213,ROSMU,1,0,-,-,65,,
,715,ML,PD; HW,213,LONMO,1,0,-,-,100,,
,715,ML,PD; HW,213,LONMO,2,0,-,-,80,,
,715,ML,PD; HW,213,ROSMU,1,0,-,-,130,,
,715,ML,PD; HW,213,RUBXX,1,0,-,-,31,,
,715,ML,PD; HW,213,LONMO,1,1,K4443,K4443,350,,
,715,ML,PD; HW,213,FRAAM,1,1,K4444,K4444,100,,
,715,ML,PD; HW,213,FRAAM,2,0,-,-,120,A,
,715,ML,PD; HW,213,ROSMU,1,0,-,-,80,,
,715,ML,PD; HW,213,LONMO,1,1,K4445,K4445,200,A,
,715,ML,PD; HW,213,LONMO,2,1,K4446,K4446,200,,
,715,ML,PD; HW,213,ROSMU,1,2,K4447,K4447,200,,
,715,ML,PD; HW,213,LONMO,1,0,-,-,200,,
,715,PD,ML,213,LIGOB,1,0,-,-,350,,
,715,PD,ML,213,LIGOB,2,1,K4449,K4449,350,,
69,715,PD,HW; ML,213,LIGOB,1,0,-,-,300,,
,715,PD,HW; ML,213,LONMO,1,0,-,-,80,A,
,715,PD,HW; ML,213,ROSMU,1,1,K4450,K4450,130,,
,715,ML,HW; PD,213,LONMO,1,0,-,-,100,,
,715,ML,HW; PD,213,LONMO,1,0,-,-,90,A,
,715,ML,HW; PD,213,FRAAM,1,0,-,-,30,,
,715,ML,HW; PD,213,FRAAM,1,0,-,-,35,,
,715,ML,HW; PD,213,LONMO,1,0,-,-,100,,
,715,ML,HW; PD,213,MALXX,1,2,K4451,K4452,175,,
,715,ML,HW; PD,213,MALXX,2,5,K4453,K4457,100,,
,715,ML,HW; PD,213,MALXX,1,0,-,-,150,,
,715,ML,HW; PD,213,MALXX,2,2,K4458,K4459,200,,
,715,ML,HW; PD,213,LIGOB,1,0,-,-,80,,
,715,ML,HW; PD,213,ROSMU,1,0,-,-,90,,
,715,ML,HW; PD,213,ROSMU,1,0,-,-,70,,
,715,ML,HW; PD,213,ROSMU,1,0,-,-,100,,
,715,ML,HW; PD,213,FRAAM,1,0,-,-,25,,
,715,ML,HW; PD,213,ROSMU,1,0,-,-,200,,
,715,ML,HW; PD,213,ROSMU,1,1,K4460,K4460,180,,
,715,ML,HW; PD,213,FRAAM,1,0,-,-,200,,
,715,ML,HW; PD,213,LIGOB,1,0,-,-,120,,
70,716,ML,PD; RG,214,VIBAC,1,0,-,-,45,,
,716,ML,PD; RG,214,AMEXX,1,0,-,-,125,,
,716,ML,PD; RG,214,AMEXX,2,0,-,-,50,,
,716,ML,PD; RG,214,PRUSE,1,0,-,-,75,,
,716,ML,PD; RG,214,VIBAC,1,0,-,-,110,,
,716,ML,PD; RG,214,VIBAC,1,0,-,-,100,A,
,716,ML,PD; RG,214,VIBAC,1,0,-,-,30,,
,716,ML,PD; RG,214,VIBAC,1,0,-,-,50,,
,716,ML,PD; RG,214,VIBAC,1,0,-,-,120,,
,716,ML,PD; RG,214,VIBAC,1,0,-,-,120,,
,716,ML,PD; RG,214,RUBXX,1,0,-,-,15,,
,716,ML,PD; RG,214,PRUSE,1,0,-,-,50,,
,716,ML,PD; RG,214,VIBAC,1,0,-,-,35,,
,716,ML,PD; RG,214,MALXX,1,0,-,-,75,,
,716,ML,PD; RG,214,PRUSE,1,0,-,-,70,,
,716,ML,PD; RG,214,VIBAC,1,0,-,-,100,A,
,716,ML,PD; RG,214,AMEXX,1,0,-,-,41,,
,716,ML,PD; RG,215,PRUSE,1,0,-,-,175,,
,716,ML,PD; RG,215,RUBXX,1,0,-,-,50,,
,716,ML,PD; RG,215,ROSMU,1,0,-,-,100,A,
,716,ML,PD; RG,215,BERTH,1,0,-,-,300,,
,716,ML,PD; RG,215,ROSMU,1,2,K4373,K4374,1000,,
,716,ML,PD; RG,215,FRAAM,1,0,-,-,45,,
,716,ML,PD; RG,215,ROSMU,1,0,-,-,110,,
,716,ML,PD; RG,215,RUBXX,1,0,-,-,15,,
,716,ML,PD; RG,215,PRUSE,1,0,-,-,75,,
,716,ML,PD; RG,215,MALXX,1,1,K4375,K4375,100,,
,716,ML,PD; RG,215,VIBAC,1,0,-,-,45,,
,716,ML,PD; RG,215,VIBAC,1,0,-,-,100,,
,716,ML,PD; RG,215,VIBDE,1,0,-,-,22,,
,716,ML,PD; RG,215,AMEXX,1,0,-,-,6,,
,716,ML,PD; RG,215,RUBXX,1,1,K4376,K4376,15,,
,716,ML,PD; RG,215,CRAXX,1,0,-,-,70,,
,716,ML,PD; RG,215,CRAXX,1,0,-,-,40,,
,716,ML,PD; RG,215,ROSMU,1,0,-,-,25,,
,716,ML,PD; RG,215,ROSMU,2,1,K4377,K4377,60,,
,716,ML,PD; RG,215,PRUSE,1,2,K4378,K4379,80,,
,716,ML,PD; RG,215,PRUSE,1,14,K4380,K4393,100,YIKES,
,716,ML,PD; RG,215,CRAXX,1,0,-,-,40,,
,716,ML,PD; RG,215,CRAXX,2,0,-,-,100,,
,716,ML,PD; RG,215,PRUSE,2,15,K4394,K4409,90,YIKES X2,
,716,ML,PD; RG,215,CRAXX,3,0,-,-,120,,
,716,ML,PD; RG,215,CRAXX,4,1,K4411,K4411,130,,
,716,ML,PD; RG,215,PRUSE,1,0,-,-,85,,
,716,ML,PD; RG,215,ROSMU,1,0,-,-,100,,
71,721,ML,PD,220,MALXX,1,0,-,-,150,,
,721,ML,PD,220,MALXX,2,1,K4574,K4574,300,,
,721,ML,PD,220,MALXX,3,1,K4575,K4575,200,,
,721,ML,PD,220,EUOAL,1,1,K4576,K4576,95,,
,721,ML,PD,220,EUOAL,2,0,-,-,280,,
,721,ML,PD,220,BERTH,1,0,-,-,500,A,
,721,ML,PD,220,LONMO,1,0,-,-,200,,
,721,ML,PD,220,EUOAL,1,0,-,-,250,A,
,721,ML,PD,220,BERTH,1,0,-,-,200,A,
,722,ML,HW,221,BERTH,1,0,-,-,450,,
,722,ML,HW,221,BERTH,1,0,-,-,400,,
,722,ML,HW,221,VIBDI,1,0,-,-,100,A,
,722,ML,HW,221,VIBDI,1,0,-,-,95,A,
,722,ML,HW,221,VIBDI,1,0,-,-,130,A,
,722,ML,HW,221,VIBDI,1,0,-,-,120,A,
,722,ML,HW,221,VIBDI,1,0,-,-,125,A,
,722,ML,HW,221,VIBDI,2,0,-,-,200,A,
,722,ML,HW,221,VIBDI,1,0,-,-,150,A,
,722,ML,HW,221,VIBDI,1,0,-,-,120,,
,722,ML,HW,221,VIBDI,1,0,-,-,110,A,
,722,ML,HW,221,VIBDI,2,0,-,-,225,A,
,722,ML,HW,221,BERTH,1,0,-,-,650,A,
,722,ML,HW,221,BERTH,1,0,-,-,900,A,
,722,ML,HW,221,EUOAL,1,0,-,-,150,,
,722,ML,HW,221,VIBDI,1,0,-,-,75,A,
,722,ML,HW,221,VIBDI,1,0,-,-,150,,
,722,ML,HW,221,VIBDI,1,0,-,-,160,A,
,722,ML,HW,221,VIBDI,1,0,-,-,150,,
,722,ML,HW,221,VIBDI,1,0,-,-,150,A,
,722,ML,HW,221,VIBDI,1,0,-,-,215,A,
,722,ML,HW,221,VIBDI,1,1,K4594,K4594,180,A,
,722,ML,HW,221,VIBDI,1,0,-,-,160,A,
,722,ML,HW,221,VIBDI,1,0,-,-,250,A,
72,721,PD,ML,219,FRAAM,1,0,-,-,60,A,
,721,PD,ML,219,BERTH,1,0,-,-,100,,
,721,ML,PD,219,FRAAM,1,0,-,-,75,,
,721,ML,PD,219,ROSMU,1,0,-,-,60,,
,721,ML,PD,219,ROSMU,1,0,-,-,40,,
,721,ML,PD,219,BERTH,1,0,-,-,200,,
,721,ML,PD,219,BERTH,1,0,-,-,150,A,
,721,ML,PD,219,RUBXX,1,0,-,-,60,,
,721,ML,PD,219,RUBXX,1,0,-,-,60,,
,721,ML,PD,219,MALXX,1,0,-,-,50,,
,721,ML,PD,219,MALXX,1,2,K4559,K4560,300,,
,721,ML,PD,219,MALXX,2,1,K4562,K4562,150,NUMBR ORDER HERE IS CORRECT,
,721,ML,PD,219,MALXX,1,1,K4561,K4561,100,NUMBR ORDER HERE IS CORRECT,
,721,ML,PD,219,MALXX,2,0,-,-,80,,
,721,ML,PD,219,MALXX,3,0,-,-,120,,
,721,ML,PD,219,MALXX,1,1,K4563,K4563,80,,
,721,ML,PD,219,BERTH,1,0,-,-,300,,
,721,ML,PD,219,MALXX,1,0,-,-,70,,
,721,ML,PD,219,MALXX,1,1,K4564,K4564,300,,
,721,ML,PD,219,BERTH,1,0,-,-,200,A,
,721,ML,PD,220,VIBAC,1,0,-,-,40,,
,721,ML,PD,220,LONMO,1,1,K4565,K4565,80,,
,721,ML,PD,220,ROSMU,1,0,-,-,150,,
,721,ML,PD,220,LONMO,1,1,K4566,K4566,175,,
,721,ML,PD,220,MALXX,1,1,K4567,K4567,120,,
,721,ML,PD,220,VIBDI,1,0,-,-,50,,
,721,ML,PD,220,MALXX,1,1,K4568,K4568,150,A,
,721,ML,PD,220,LONMO,1,0,-,-,125,,
,721,ML,PD,220,PRUSE,1,1,K4569,K4569,100,,
,721,ML,PD,220,PRUSE,2,3,K4570,K4572,250,,
,721,ML,PD,220,PRUSE,1,0,-,-,100,,
,721,ML,PD,220,PRUSE,1,1,K4573,K4573,100,,
,721,ML,PD,220,PRUSE,1,0,-,-,120,,
73,719,ML,KD,216,LIGOB,1,0,-,-,170,,
,719,ML,KD,216,LIGOB,2,0,-,-,230,,
,719,ML,KD,216,LIGOB,3,0,-,-,200,,
,719,ML,KD,216,RUBXX,1,0,-,-,40,,
,719,ML,KD,216,RUBXX,1,0,-,-,35,,
,720,ML,PD; DR,218,VIBDE,1,1,K4539,K4539,150,,
,720,ML,PD; DR,218,PRUSE,1,0,-,-,80,,
,720,ML,PD; DR,218,PRUSE,1,1,K4540,K4540,180,,
,720,ML,PD; DR,218,LIGOB,1,0,-,-,400,A,
,720,ML,PD; DR,218,PRUSE,1,0,-,-,150,,
,720,ML,PD; DR,218,LONMO,1,0,-,-,150,,
,720,ML,PD; DR,218,ROSMU,1,0,-,-,50,A,
,720,ML,PD; DR,218,PRUSE,1,0,-,-,130,,
,720,ML,PD; DR,218,PRUSE,1,0,-,-,100,,
,720,ML,PD; DR,218,LONMO,1,0,-,-,110,,
,720,ML,PD; DR,218,PRUSE,1,0,-,-,175,,
,720,ML,PD; DR,218,PRUSE,1,0,-,-,130,A,
,720,ML,PD; DR,218,PRUSE,2,2,K4541,K4542,250,,
,720,ML,PD; DR,218,LIGOB,1,1,K4543,K4543,500,A,
,720,ML,PD; DR,218,PRUSE,3,2,K4544,K4545,100,,
,720,ML,PD; DR,218,LIGOB,1,0,-,-,400,,
,720,ML,PD; DR,218,VIBLE,1,1,K4546,K4546,120,A,
,720,ML,PD; DR,218,VIBLE,1,0,-,-,250,,
,720,ML,PD; DR,218,VIBLE,1,0,-,-,100,,
,720,ML,PD; DR,218,VIBLE,1,0,-,-,30,,
,720,ML,PD; DR,218,LIGOB,1,0,-,-,150,,
,720,ML,PD; DR,218,VIBSI,1,0,-,-,85,,
,720,ML,PD; DR,218,VIBSI,1,0,-,-,100,,
,720,ML,PD; DR,218,VIBSI,1,0,-,-,100,,
,720,ML,PD; DR,218,FRAAM,1,0,-,-,80,,
,720,ML,PD; DR,218,LIGOB,1,0,-,-,200,,
,720,ML,PD; DR,218,LIGOB,1,0,-,-,300,,
,720,ML,PD; DR,218,LIGOB,1,0,-,-,400,,
74,716,ML,ML,215,BERTH,1,0,-,-,400,,
,716,ML,ML,215,BERTH,1,1,K4410,K4410,600,,
,719,ML,KD,216,MALXX,1,0,-,-,250,,
,719,ML,KD,216,MALXX,2,0,-,-,200,,
,719,ML,KD,216,MALXX,3,0,-,-,200,,
,719,ML,KD,216,LIGOB,1,0,-,-,300,A,
,719,ML,KD,216,ROSMU,1,1,K4466,K4466,150,,
,720,PD,DR,217,FRAAM,1,0,-,-,50,,
,720,PD,DR,217,FRAAM,1,0,-,-,40,,
,720,PD,DR,217,FRAAM,2,0,-,-,40,,
,720,PD,DR,217,ROSMU,1,0,-,-,60,A,
,720,PD,DR,217,ROSMU,1,1,K4528,K4528,90,,
,720,PD,DR,217,SAMCA,1,1,K4529,K4529,60,,
,720,PD,DR,217,SAMCA,1,0,-,-,50,,
,720,PD,DR,217,RUBXX,1,1,K4530,K4530,60,,
,720,PD,DR,217,RUBXX,1,0,-,-,30,,
,720,PD,DR,217,ROSMU,1,0,-,-,175,,
,720,PD,DR,217,FRAAM,1,0,-,-,65,,
,720,PD,DR,217,RUBXX,1,0,-,-,30,,
,720,PD,DR,217,ROSMU,1,1,K4531,K4531,300,SUN LEAVES; A,
,720,PD,DR,218,PRUSE,1,2,K4532,K4533,150,A,
,720,PD,DR,218,PRUSE,2,1,K4534,K4534,135,,
,720,PD,DR,218,ROSMU,1,0,-,-,100,A,
,720,PD,DR,218,ROSMU,1,0,-,-,110,A,
,720,PD,DR,218,RUBXX,1,0,-,-,40,,
,720,PD,DR,218,RUBXX,1,0,-,-,35,,
,720,PD,DR,218,LONMO,1,0,-,-,120,,
,720,PD,DR,218,LONMO,2,0,-,-,95,,
,720,PD,DR,218,ROSMU,1,2,K4535,K4536,60,,
,720,PD,DR,218,ROSMU,1,2,K4537,K4538,450,A,
,720,PD,DR,218,ROSMU,2,0,-,-,190,A,
,720,PD,DR,218,ROSMU,1,0,-,-,210,,
,720,PD,DR,218,VIBDE,1,0,-,-,80,A,
75,722,ML,HW,221,BERTH,1,0,-,-,500,A,
,722,ML,HW,221,BERTH,1,0,-,-,400,A,
,722,ML,HW,221,BERTH,1,0,-,-,500,A,
,722,ML,HW,222,FRAAM,1,1,K4597,K4597,95,,
,722,ML,HW,222,BERTH,1,0,-,-,400,,
,722,ML,HW,222,BERTH,1,0,-,-,750,A,
,722,ML,HW,222,AMEXX,1,1,K4601,K4601,250,A,
,722,ML,HW,222,AMEXX,2,2,K4602,K4603,150,A,
,722,ML,HW,222,FRAAM,1,1,K4604,K4604,80,A,
,723,PD,ML,224,ROSMU,1,0,-,-,60,,
,726,ML,PD; HW,225,BERTH,1,0,-,-,300,,
,726,ML,PD; HW,225,VIBAC,1,0,-,-,65,,
,726,ML,PD; HW,225,BERTH,2,0,-,-,150,,
,726,ML,PD; HW,225,FRAAM,1,1,K4621,K4621,8,,
,726,ML,PD; HW,225,VIBAC,1,0,-,-,45,A,
,726,ML,PD; HW,225,VIBAC,1,0,-,-,70,,
,726,ML,HW,225,VIBAC,1,0,-,-,50,,
,726,ML,HW,225,VIBAC,1,0,-,-,100,,
,726,ML,HW,225,VIBAC,1,0,-,-,30,A,
,726,ML,HW,225,VIBAC,1,1,K4622,K4622,80,A,
,726,ML,HW,225,RUBXX,1,0,-,-,60,,
,726,ML,HW,225,FRAAM,1,1,K4623,K4623,15,A,
,726,ML,HW,225,VIBDI,1,0,-,-,300,A,
,726,ML,HW,225,VIBAC,1,0,-,-,110,A,
,726,ML,HW,225,VIBAC,1,0,-,-,120,A,
,726,ML,HW,225,BERTH,1,0,-,-,600,A,
,726,ML,HW,225,VIBAC,1,0,-,-,50,A,
,726,ML,HW,225,BERTH,1,2,K4624,K4625,650,A,
,726,ML,HW,225,VIBDI,1,0,-,-,200,A,
,726,ML,HW,225,BERTH,1,0,-,-,450,A,
,726,ML,HW,225,ROSMU,1,0,-,-,50,A,
,726,ML,HW,225,ROSMU,1,0,-,-,50,A,
,726,ML,HW,225,VIBAC,1,0,-,-,25,END OF TRANSECT,
76,722,RP,PD,221,VIBDI ,1,0,-,-,180,A,
,722,RP,PD,221,BERTH,1,0,-,-,300,A,
,722,RP,PD,221,BERTH,1,0,-,-,400,A,
,722,RP,PD,221,FRAAM,1,1,K4590,K4590,10,,
,722,RP,PD,221,BERTH,1,0,-,-,400,A,
,722,RP,PD,221,VIBDI,1,0,-,-,100,,
,722,RP,PD,221,VIBDI,2,0,-,-,60,,
,722,RP,PD,221,VIBDI,1,0,-,-,110,A,
,722,RP,PD,221,VIBDI,1,0,-,-,170,,
,722,RP,PD,221,BERTH,1,0,-,-,300,,
,722,RP,PD,221,VIBDI,1,0,-,-,60,A,
,722,RP,PD,221,VIBDI,1,0,-,-,60,A,
,722,RP,PD,221,VIBDI,1,0,-,-,80,,
,722,RP,PD,221,VIBDI,1,0,-,-,220,A,
,722,RP,PD,221,VIBDI,1,0,-,-,70,A,
,722,RP,PD,221,BERTH,1,0,-,-,250,,
,722,RP,PD,221,BERTH,1,2,K4591,K4592,500,A,
,722,RP,PD,221,BERTH,1,1,K4593,K4593,370,A,
,722,RP,PD,221,VIBDI,1,0,-,-,100,A,
,722,RP,PD,221,VIBDI,2,0,-,-,150,A,
,722,RP,PD,221,BERTH,1,2,K4595,K4596,800,A,
,722,RP,PD,221,RUBPH,1,0,-,-,24,A,
,722,RP,PD,222,BERTH,1,0,-,-,500,A,
,722,RP,PD,222,BERTH,1,3,K4598,K4600,500,A,
,722,RP,PD,222,VIBDI,1,0,-,-,250,A,
,722,RP,PD,222,VIBDI,1,0,-,-,170,A,
,722,RP,PD,222,VIBDI,1,0,-,-,170,A,
,722,RP,PD,222,BERTH,1,0,-,-,250,A,
,727,PD,ML HW DR,224,VIBDI,1,1,K5032,K5032,40,A,
,727,PD,ML HW DR,224,LIGOB,1,0,-,-,125,,
,727,PD,ML HW DR,224,LIGOB,2,0,-,-,200,,
,727,PD,ML HW DR,224,RUBXX,1,0,-,-,20,,
,727,PD,ML HW DR,224,ROSMU,1,0,-,-,100,,
77,723,ML,PD DR,223,RUBPH,1,0,-,-,120,EGGS ON RUBPH,
,723,ML,PD DR,223,PRUSE,1,0,-,-,100,,
,723,ML,PD DR,223,PRUSE,1,0,-,-,250,,
,723,ML,PD DR,223,RUBXX,1,2,K4993,K4994,40,,
,723,ML,PD DR,223,PRUSE,1,1,K4995,K4995,175,A,
,723,ML,PD DR,223,PRUSE,2,0,-,-,225,A,
,723,DR,ML PD,223,PRUSE,3,0,-,-,200,,
,723,DR,ML PD,223,PRUSE,4,1,K4996,K4996,175,,
,723,DR,ML PD,223,RUBXX,1,0,-,-,80,A; BLACKRASPBERRY?,
,723,DR,ML PD,223,RUBXX,1,1,K4997,K4997,80,,
,723,DR,ML PD,223,ROSMU,1,0,-,-,100,,
,723,DR,ML PD,223,RUBXX,1,0,-,-,130,,
,723,DR,ML PD,223,ROSMU,2,0,-,-,200,,
,723,DR,ML PD,223,PRUSE,1,0,-,-,75,THE BOIS,
,723,DR,ML PD,223,PRUSE,1,0,-,-,200,,
,723,DR,ML PD,223,RUBXX,1,1,K4998,K4998,60,,
,723,DR,ML PD,223,LIGOB,1,0,-,-,200,,
,723,DR,ML PD,223,ROSMU,1,0,-,-,66,,
,723,ML,PD DR,223,LIGOB,2,0,-,-,250,,
,723,ML,PD DR,223,LIGOB,1,0,-,-,200,,
,723,ML,PD DR,223,PRUSE,1,2,K4999,K5000,400,,
,723,ML,PD DR,223,PRUSE,2,0,-,-,125,,
,723,ML,PD DR,223,RUBXX,1,0,-,-,100,,
,723,ML,PD DR,223,PRUSE,3,0,-,-,50,,
,723,ML,PD DR,223,BERTH,1,1,K5001,K5001,150,,
,723,ML,PD DR,223,FRAAM,1,0,-,-,30,,
,723,ML,PD DR,223,ROSMU,1,1,K5002,K5002,100,A,
,723,ML,PD DR,223,BERTH,2,1,K5003,K5003,200,,
,723,ML,PD DR,223,LONMO,1,1,K5004,K5004,120,,
,723,ML,PD DR,223,ROSMU,1,0,-,-,110,,
,723,ML,PD DR,223,ROSMU,2,0,-,-,200,,
,723,ML,PD DR,223,ROSMU,1,3,K5005,K5007,120,,
,723,ML,PD DR,223,ROSMU,1,0,-,-,80,,
78,723,DR,ML PD,223,PRUSE,1,0,-,-,150,,
,723,DR,ML PD,223,MALXX,1,1,K5008,K5008,150,PU OR PR,
,723,DR,ML PD,223,PRUSE,2,1,K5009,K5009,150,,
,723,DR,ML PD,223,PRUSE,1,0,-,-,175,,
,723,DR,ML PD,223,PRUSE,2,0,-,-,220,,
,723,DR,ML PD,223,RUBXX,1,0,-,-,40,,
,723,DR,ML PD,223,ROSMU,1,1,K5010,K5010,40,,
,723,DR,ML PD,223,ROSMU,2,0,-,-,300,A,
,723,DR,ML PD,223,FRAAM,1,0,-,-,60,,
,723,DR,ML PD,223,EUOAL,1,0,-,-,300,A,
,723,DR,ML PD,223,RUBXX,1,0,-,-,100,,
,723,DR,ML PD,223,PRUSE,3,0,-,-,100,,
,723,DR,ML PD,223,RUBXX,1,0,-,-,75,,
,723,DR,ML PD,223,EUOAL,1,0,-,-,175,,
,723,DR,ML PD,223,ROSMU,1,0,-,-,65,,
,723,DR,ML PD,223,RUBXX,1,0,-,-,25,,
,723,DR,ML PD,223,RUBXX,1,0,-,-,40,,
,723,DR,ML PD,223,RUBXX,1,0,-,-,30,,
,723,DR,ML PD,223,ROSMU,1,0,-,-,200,,
,723,DR,ML PD,223,ROSMU,2,0,-,-,150,,
,723,DR,ML PD,223,FRAAM,1,0,-,-,20,,
,723,DR,ML PD,223,LONMO,1,0,-,-,200,,
,723,DR,ML PD,223,ROSMU,1,0,-,-,175,A,
,723,DR,ML PD,223,LONMO,2,0,-,-,105,,
,723,DR,ML PD,223,FRAAM,1,0,-,-,40,,
,723,DR,ML PD,223,ROSMU,1,0,-,-,100,,
,723,DR,ML PD,223,MALXX,1,0,-,-,225,A,
,723,DR,ML PD,223,MALXX,2,0,-,-,175,,
,723,DR,ML PD,223,MALXX,1,0,-,-,50,A,
,723,ML,PD,224,FRAAM,1,0,-,-,30,,
,723,ML,PD,224,FRAAM,2,0,-,-,20,,
,723,ML,PD,224,RUBXX,1,0,-,-,50,,
,723,ML,PD,224,MALXX,1,0,-,-,125,,
79,726,DR,PD,225,VIBAC,1,0,-,-,40,,
,726,DR,PD,225,VIBAC,1,0,-,-,35,,
,726,DR,PD,225,VIBAC,1,0,-,-,40,,
,726,DR,PD,225,BERTH,1,0,-,-,300,A,
,726,DR,PD,225,VIBAC,1,0,-,-,25,,
,726,DR,PD,225,BERTH,1,0,-,-,250,,
,726,DR,PD,225,BERTH,1,0,-,-,350,,
,726,DR,PD,225,VIBAC,1,0,-,-,60,,
,726,DR,PD,225,VIBAC,1,1,K4652,K4652,80,,
,726,DR,PD,225,BERTH,1,0,-,,400,,
,726,DR,PD,225,BERTH,1,2,K4653,K4654,350,,
,726,DR,PD,225,BERTH,1,0,-,-,350,,
,726,DR,PD,225,VIBAC,1,0,-,-,50,,
,726,DR,PD,225,BERTH,1,1,K4655,K4655,400,A,
,726,ML,HW,225,VIBAC,1,0,-,-,55,A,
,726,ML,HW,226,VIBSI,1,0,-,-,70,,
,726,ML,HW,226,BERTH,1,0,-,-,650,A,
,726,ML,HW,226,VIBPL,1,0,-,-,50,,
,726,ML,HW,226,VIBSI ,1,0,-,-,110,A,
,726,ML,HW,226,VIBSI,1,0,-,-,225,,
,726,ML,HW,226,VIBSI,1,1,K4626,K4626,100,A,
,726,ML,HW,226,VIBPL,1,0,-,-,60,,
,726,ML,HW,226,BERTH,1,0,-,-,1000,,
,726,ML,HW,226,VIBPL,1,0,-,-,200,,
,726,ML,HW,226,ROSMU,1,2,K44627,K4628,120,,
,726,ML,HW,226,VIBPL,1,0,-,-,80,A,
,726,ML,HW,226,ROSMU,1,4,K4629,K4632,115,A,
,726,ML,HW,226,VIBSI,1,0,-,-,70,,
,726,ML,HW,226,BERTH,1,1,K4633,K4633,750,A,
,726,ML,HW,226,VIBPL,1,0,-,-,100,A,
,726,ML,HW,226,ROSMU,1,0,-,-,30,A,
,726,ML,HW,226,FRAAM,1,0,-,-,15,,
,726,ML,HW,226,ROSMU,0,0,-,-,100,A,
80,726,PD,HW DR,226,LIGOB,1,0,-,-,80,,
,726,PD,HW DR,226,LIGOB,2,0,-,-,50,,
,727,PD,ML HW DR,227,CRAXX,1,0,-,-,75,,
,727,PD,ML HW DR,227,BERTH,1,0,-,-,300,,
,727,PD,ML HW DR,227,CRAXX,1,0,-,-,80,A,
,727,PD,ML HW DR,227,CRAXX,2,0,-,-,150,,
,727,PD,ML HW DR,227,BERTH,1,0,-,-,250,,
,727,PD,ML HW DR,227,CRAXX,1,0,-,-,90,,
,727,PD,ML HW DR,227,CRAXX,2,0,-,-,60,,
,727,PD,ML HW DR,227,CRAXX,1,1,K5024,K5024,170,,
,727,PD,ML HW DR,227,BERTH,1,1,K5025,K5025,250,,
,727,PD,ML HW DR,227,BERTH,1,0,-,-,50,A,
,727,PD,ML HW DR,227,BERTH,1,0,-,-,350,A,
,727,PD,ML HW DR,227,BERTH,1,1,K5026,K5026,400,A,
,727,PD,ML HW DR,227,VIBDI,1,0,-,-,150,A,
,727,PD,ML HW DR,227,VIBDI,2,0,-,-,115,,
,727,PD,ML HW DR,227,BERTH,1,1,K5027,K5027,700,A,
,727,PD,ML HW DR,227,BERTH,1,1,K5028,K5028,900,,
,727,PD,ML HW DR,227,BERTH,1,0,-,-,350,A,
,727,PD,ML HW DR,227,BERTH,1,1,K5029,K5029,350,A,
,727,PD,ML HW DR,228,VIBSI,1,0,-,-,150,,
,727,PD,ML HW DR,228,VIBSI,1,2,K5030,K5031,75,,
,727,PD,ML HW DR,228,RUBXX,1,0,-,-,10,,
,727,PD,ML HW DR,228,RUBXX,1,0,-,-,15,,
,727,PD,ML HW DR,228,RUBXX,1,0,-,-,70,,
,727,PD,ML HW DR,228,RUBXX,1,0,-,-,70,,
,727,PD,ML HW DR,228,RUBXX,1,0,-,-,20,,
,727,PD,ML HW DR,228,RUBXX,1,0,-,-,35,,
,727,PD,ML HW DR,228,RUBXX,1,0,-,-,15,,
,727,PD,ML HW DR,228,RUBXX,1,0,-,-,35,,
,727,PD,ML HW DR,228,VIBSI,1,0,-,-,100,,
,727,PD,ML HW DR,229,LIGOB,1,0,-,-,60,A,
,727,PD,ML HW DR,229,FRAAM,1,0,-,-,70,A,
81,719,HW,RP,216,MALXX,1,1,K4497,K4497,130,A,
,719,HW,RP,216,MALXX,2,0,-,-,140,A,
,719,HW,RP,216,MALXX,3,1,K4498,K4498,120,,
,719,HW,RP,216,LONMO,1,0,-,-,70,A,
,719,HW,RP,216,MALXX,1,0,-,-,75,WEIRD(SMALL FRUITS; WEIRD LEAVES),
,719,HW,RP,216,MALXX,2,0,-,-,260,A,
,719,HW,RP,216,MALXX,3,0,-,-,270,A,
,727,PD,ML HW DR,229,MALXX,1,1,K5033,K5033,100,,
,727,PD,ML HW DR,229,ROSMU,1,0,-,-,90,A,
,727,PD,ML HW DR,229,LIGOB,1,0,-,-,130,A,
,727,PD,ML HW DR,229,VIBPL,1,0,-,-,70,,
,727,PD,ML HW DR,229,LIGOB,1,0,-,-,120,,
,727,PD,ML HW DR,229,PRUSE,1,0,-,-,120,,
,727,PD,ML HW DR,229,PRUSE,1,1,K5034,K5034,50,,
,727,PD,ML HW DR,229,ROSMU,1,0,-,-,70,A,
,727,PD,ML HW DR,229,ROSMU,1,0,-,-,40,A,
,727,PD,ML HW DR,229,LIGOB,1,0,-,-,150,A,
,727,PD,ML HW DR,229,ROSMU,1,3,K5035,K5037,150,,
,727,PD,ML HW DR,229,ROSMU,1,0,-,-,100,,
,727,PD,ML HW DR,229,ROSMU,1,2,K5038,K5039,95,A,
,727,PD,ML HW DR,229,MALXX,1,0,-,-,200,A,
,727,PD,ML HW DR,229,VIBPL,1,0,-,-,60,,
,727,PD,ML HW DR,229,VIBPL,1,0,-,-,75,,
,727,PD,ML HW DR,229,LIGOB,1,1,K5040,K5040,120,,
,727,PD,ML HW DR,229,RUBXX,1,0,-,-,25,,
,727,PD,ML HW DR,229,MALXX,1,1,K5041,K5041,200,,
,727,PD,ML HW DR,229,RUBXX,1,0,-,-,30,,
,728,PD,ML,230,VIBAC,1,0,-,-,75,,
,728,PD,ML,230,CRAXX,1,0,-,-,75,,
,728,PD,ML,230,VIBAC,1,0,-,-,100,,
,728,PD,ML,230,VIBAC,2,0,-,-,150,A,
,728,PD,ML,230,VIBAC,1,0,-,-,50,,
,728,PD,ML,230,FRAAM,1,0,-,-,4,,
82,728,ML,ML,230,VIBAC,1,0,-,-,60,A,
,728,ML,ML,230,CRAXX,1,0,-,-,70,A,
,728,ML,ML,230,CRAXX,1,0,-,-,80,A,
,728,ML,ML,230,AMEXX,1,0,-,-,85,A,
,728,ML,ML,230,AMEXX,1,0,-,-,100,A,
,728,ML,ML,230,AMEXX,2,0,-,-,60,A,
,728,ML,ML,230,VIBAC,1,0,-,-,60,,
,728,ML,ML,230,AMEXX,1,0,-,-,80,,
,728,ML,ML,230,AMEXX,1,0,-,-,100,,
,728,ML,ML,230,FRAAM,1,0,-,-,15,,
,728,ML,ML,230,FRAAM,1,0,-,-,25,,
,728,ML,ML,230,AMEXX,1,0,-,-,40,,
,728,ML,ML,230,AMEXX,2,0,-,-,30,,
,728,ML,ML,230,VIBAC,1,0,-,-,50,A,
,728,ML,ML,230,VIBAC,1,0,-,-,80,A,
,728,ML,ML,230,AMEXX,1,0,-,-,30,,
,728,ML,ML,230,VIBAC,1,0,-,-,120,A,
,728,PD,PD,230,VIBAC,1,0,-,-,85,,
,728,PD,PD,230,VIBAC,1,0,-,-,100,A,
,728,PD,PD,230,VIBAC,1,0,-,-,125,A,
,728,PD,PD,230,VIBAC,1,0,-,-,80,A,
,728,PD,PD,230,VIBAC,1,0,-,-,50,A,
,728,PD,PD,230,VIBAC,1,0,-,-,90,A,
,728,PD,PD,231,AMEXX,1,0,-,-,200,A,
,728,PD,PD,231,RUBXX,1,0,-,-,17,,
,728,PD,PD,231,AMEXX,1,0,-,-,175,,
,728,PD,PD,231,AMEXX,1,0,-,-,125,A,
,728,PD,PD,231,AMEXX,1,0,-,-,45,,
,728,ML,ML,231,ROSMU,1,0,-,-,100,A,
,728,ML,ML,231,ROSMU,1,0,-,-,150,A,
,728,ML,ML,231,ROSMU,1,0,-,-,200,,
,728,ML,PD,231,AMEXX,1,0,-,-,200,,
83,728,ML,ML,231,SAMCA,1,0,-,-,15,,
,728,ML,ML,231,CRAXX,1,0,-,-,80,,
,728,ML,ML,231,CRAXX,1,0,-,-,150,,
,728,ML,ML,231,PRUSE,1,0,-,-,45,,
,728,ML,ML,231,MALXX,1,0,-,-,190,,
,729,DR,ML,232,VIBLE,1,0,-,-,90,,
,729,DR,ML,232,VIBLE,2,1,K4683,K4683,100,A,
,729,DR,ML,232,VIBLE,1,0,-,-,60,A,
,729,DR,ML,232,CRAXX,1,0,-,-,85,A,
,729,DR,ML,232,CRAXX,2,0,-,-,85,,
,729,DR,ML,232,VIBLE,1,1,K4684,K4684,120,,
,729,DR,ML,232,VIBLE,1,0,-,-,70,,
,729,DR,ML,232,LIGOB,1,0,-,-,150,,
,729,DR,ML,232,CRAXX,1,1,K4685,K4685,75,,
,729,DR,ML,232,LIGOB,1,0,-,-,130,,
,729,DR,ML,232,BERTH,1,0,-,-,250,A,
,729,DR,ML,232,CRAXX,1,0,-,-,75,,
,729,DR,ML,232,ROSMU,2,0,-,-,100,,
,729,DR,ML,232,MALXX,1,2,K4686,K4687,110,A,
,729,DR,ML,232,MALXX,1,1,K4688,K4688,200,,
,729,DR,ML,232,MALXX,2,1,K4689,K4689,200,,
,729,DR,ML,232,ROSMU,1,0,-,-,150,A,
,729,DR,ML,232,ROSMU,1,0,-,-,75,,
,729,DR,ML,233,LONMO,1,0,-,-,225,A,
,729,DR,ML,233,LONMO,2,0,-,-,225,,
,729,DR,ML,233,RUBXX,1,0,-,-,50,,
,729,DR,ML,233,RUBXX,1,0,-,-,50,,
,729,DR,ML,233,RUBXX,1,0,-,-,100,A,
,729,DR,ML,233,ROSMU,1,0,-,-,40,,
,729,DR,ML,233,PRUSE,1,1,K4690,K4690,150,,
,729,DR,ML,233,PRUSE,2,3,K4691,K4693,110,A,
,729,DR,ML,233,ROSMU,1,2,K4694,K9645,100,A,
,729,DR,ML,233,MALXX,1,0,-,-,100,A,
,729,DR,ML,233,ROSMU,1,0,-,-,UNK,A,
84,729,DR,ML,233,ROSMU,1,1,K4696,K4696,150,A,
,729,DR,ML,233,VIBLE,1,0,-,-,150,RE-DO,
,729,DR,ML,233,VIBLE,2,1,K4697,K4697,120,,
,730,PD,ML,234,PRUSE,1,0,-,-,120,,
,730,PD,ML,234,PRUSE,2,1,K4714,K4714,120,,
,730,PD,ML,234,ROSMU,1,0,-,-,75,,
,730,PD,ML,234,FRAAM,1,0,-,-,20,,
,730,PD,ML,234,LIGOB,1,1,K4715,K4715,250,A,
,730,PD,ML,234,LIGOB,2,0,-,-,175,A,
,730,PD,ML,234,ROSMU,1,0,-,-,60,,
,730,PD,ML,234,ROSMU,2,0,-,-,100,,
,730,PD,ML,234,FRAAM,1,0,-,-,17,,
,730,PD,ML,234,ROSMU,1,0,-,-,175,,
,730,PD,ML,234,ROSMU,1,0,-,-,175,,
,730,PD,ML,234,RUBXX,1,0,-,-,40,,
,730,PD,ML,234,ROSMU,1,0,-,-,300,A,
,730,PD,ML,234,ROSUMU,1,0,-,-,150,A,
,730,PD,ML,234,LIGOB,1,0,-,-,120,,
,730,PD,ML,234,LIGOB,2,0,-,-,130,,
,730,PD,ML,234,LIGOB,3,0,-,-,60,A,
,730,PD,ML,234,VIBLSI,1,0,-,-,75,A,
,730,PD,ML,234,LIGOB,1,0,-,-,130,A,
,730,PD,ML,235,RUBXX,1,0,-,-,65,,
,730,PD,ML,235,FRAAM,1,0,-,-,60,A,
,730,PD,ML,235,ROSMU,1,0,-,-,100,A,
,730,PD,ML,235,FRAAM,1,0,-,-,60,,
,730,PD,ML,235,RUBXX,1,0,-,-,50,,
,730,PD,ML,235,LIGOB,1,0,-,-,200,A,
,730,PD,ML,235,ROSMU,1,1,K4716,K4716,75,A,
,730,PD,ML,235,RUBXX,1,2,K4717,K4718,80,A,
,730,PD,ML,235,RUBXX,1,0,-,-,90,,
,730,PD,ML,235,BERTH,1,0,-,-,350,,
,730,PD,ML,235,RUBXX,1,0,-,-,50,,
85,730,PD,ML DR,235,ROSMU,1,3,K4719,K4721,80,,
,730,PD,ML DR,235,ROSMU,1,1,K4722,K4722,175,,
,730,PD,ML DR,235,ROSMU,1,1,K4723,K4723,110,A,
,730,PD,ML DR,235,ROSMU,1,2,K4725,K4726,130,,
,730,PD,ML DR,235,ROSMU,1,1,K4725,K4724,150,A,
,730,PD,ML DR,235,ROSMU,2,1,K4727,K4727,100,A,
,730,PD,ML DR,235,EUOAL,1,0,-,-,200,,
,730,PD,ML DR,235,FRAAM,1,0,-,-,85,,
,730,PD,ML DR,235,SAMCA,1,0,-,-,60,,
,730,PD,ML DR,235,ROSMU,1,0,-,-,90,,
,730,PD,ML DR,235,ROSMU,2,0,-,-,80,A,